id,Population,Elevation,Slope,Landcover,Riverflow,NAME,Road_dist,Cluster,Weight,xcoord,ycoord,X,Y,Unnamed_ 0,clusters,layer,path
"1","14",856.830993700000022,10.940922660000000,"1",,,4713.339815999999701,"2",6.067304134368896,852572.053879031,8499810.40263709,852572.053879031,8499810.40263709,,,final_resolution,"Point?crs=EPSG:5858&field=ID:long(10,0)&field=X:double(23,15)&field=Y:double(23,15)&field=Population:long(10,0)&field=Elevation:double(23,15)&field=Slope:double(23,15)&field=Landcover:long(10,0)&field=Riverflow:string(254,0)&field=NAME:string(254,0)&field=Road_dist:double(23,15)&field=Cluster:long(10,0)&field=Weight:double(23,15)&field=xcoord:double(0,0)&field=ycoord:double(0,0)&uid={4ecc1d0b-0812-4610-8019-df854c7fce13}"
"2","19",931.945007300000043,10.169076390000001,"1",,,4102.941652999999860,"2",6.146049499511719,852473.669061234,8495809.83589237,852473.669061234,8495809.83589237,,,final_resolution,"Point?crs=EPSG:5858&field=ID:long(10,0)&field=X:double(23,15)&field=Y:double(23,15)&field=Population:long(10,0)&field=Elevation:double(23,15)&field=Slope:double(23,15)&field=Landcover:long(10,0)&field=Riverflow:string(254,0)&field=NAME:string(254,0)&field=Road_dist:double(23,15)&field=Cluster:long(10,0)&field=Weight:double(23,15)&field=xcoord:double(0,0)&field=ycoord:double(0,0)&uid={4ecc1d0b-0812-4610-8019-df854c7fce13}"
"3","1",890.054016100000013,7.827373290000000,"1",,,1338.673784000000069,"2",6.023409366607666,852375.027362926,8491809.2788973,852375.027362926,8491809.2788973,,,final_resolution,"Point?crs=EPSG:5858&field=ID:long(10,0)&field=X:double(23,15)&field=Y:double(23,15)&field=Population:long(10,0)&field=Elevation:double(23,15)&field=Slope:double(23,15)&field=Landcover:long(10,0)&field=Riverflow:string(254,0)&field=NAME:string(254,0)&field=Road_dist:double(23,15)&field=Cluster:long(10,0)&field=Weight:double(23,15)&field=xcoord:double(0,0)&field=ycoord:double(0,0)&uid={4ecc1d0b-0812-4610-8019-df854c7fce13}"
"4","10",975.478027300000008,14.227068299999999,"1",,,2014.436852000000044,"2",6.290545463562012,852276.128825442,8487808.73167535,852276.128825442,8487808.73167535,,,final_resolution,"Point?crs=EPSG:5858&field=ID:long(10,0)&field=X:double(23,15)&field=Y:double(23,15)&field=Population:long(10,0)&field=Elevation:double(23,15)&field=Slope:double(23,15)&field=Landcover:long(10,0)&field=Riverflow:string(254,0)&field=NAME:string(254,0)&field=Road_dist:double(23,15)&field=Cluster:long(10,0)&field=Weight:double(23,15)&field=xcoord:double(0,0)&field=ycoord:double(0,0)&uid={4ecc1d0b-0812-4610-8019-df854c7fce13}"
"5","24",951.101989699999990,29.202256710000000,"1",,,5491.417927000000418,"2",6.712473392486572,852176.973490221,8483808.19424996,852176.973490221,8483808.19424996,,,final_resolution,"Point?crs=EPSG:5858&field=ID:long(10,0)&field=X:double(23,15)&field=Y:double(23,15)&field=Population:long(10,0)&field=Elevation:double(23,15)&field=Slope:double(23,15)&field=Landcover:long(10,0)&field=Riverflow:string(254,0)&field=NAME:string(254,0)&field=Road_dist:double(23,15)&field=Cluster:long(10,0)&field=Weight:double(23,15)&field=xcoord:double(0,0)&field=ycoord:double(0,0)&uid={4ecc1d0b-0812-4610-8019-df854c7fce13}"
"6","0",753.565002400000026,25.338500560000000,"5",,,8180.704961999999796,"2",6.736928939819336,852077.56139881,8479807.66664457,852077.56139881,8479807.66664457,,,final_resolution,"Point?crs=EPSG:5858&field=ID:long(10,0)&field=X:double(23,15)&field=Y:double(23,15)&field=Population:long(10,0)&field=Elevation:double(23,15)&field=Slope:double(23,15)&field=Landcover:long(10,0)&field=Riverflow:string(254,0)&field=NAME:string(254,0)&field=Road_dist:double(23,15)&field=Cluster:long(10,0)&field=Weight:double(23,15)&field=xcoord:double(0,0)&field=ycoord:double(0,0)&uid={4ecc1d0b-0812-4610-8019-df854c7fce13}"
"7","0",948.328979499999946,15.544678330000000,"1",,,2306.108264999999847,"2",6.196734428405762,856572.754015139,8499712.14140293,856572.754015139,8499712.14140293,,,final_resolution,"Point?crs=EPSG:5858&field=ID:long(10,0)&field=X:double(23,15)&field=Y:double(23,15)&field=Population:long(10,0)&field=Elevation:double(23,15)&field=Slope:double(23,15)&field=Landcover:long(10,0)&field=Riverflow:string(254,0)&field=NAME:string(254,0)&field=Road_dist:double(23,15)&field=Cluster:long(10,0)&field=Weight:double(23,15)&field=xcoord:double(0,0)&field=ycoord:double(0,0)&uid={4ecc1d0b-0812-4610-8019-df854c7fce13}"
"8","67",965.909973100000002,31.735264810000000,"1",,,942.145925400000010,"2",6.079482078552246,856474.359438676,8495711.31774531,856474.359438676,8495711.31774531,,,final_resolution,"Point?crs=EPSG:5858&field=ID:long(10,0)&field=X:double(23,15)&field=Y:double(23,15)&field=Population:long(10,0)&field=Elevation:double(23,15)&field=Slope:double(23,15)&field=Landcover:long(10,0)&field=Riverflow:string(254,0)&field=NAME:string(254,0)&field=Road_dist:double(23,15)&field=Cluster:long(10,0)&field=Weight:double(23,15)&field=xcoord:double(0,0)&field=ycoord:double(0,0)&uid={4ecc1d0b-0812-4610-8019-df854c7fce13}"
"9","14",1020.109985000000052,13.430843339999999,"1",,,975.018601600000011,"2",6.237720012664795,856375.707958173,8491710.50387862,856375.707958173,8491710.50387862,,,final_resolution,"Point?crs=EPSG:5858&field=ID:long(10,0)&field=X:double(23,15)&field=Y:double(23,15)&field=Population:long(10,0)&field=Elevation:double(23,15)&field=Slope:double(23,15)&field=Landcover:long(10,0)&field=Riverflow:string(254,0)&field=NAME:string(254,0)&field=Road_dist:double(23,15)&field=Cluster:long(10,0)&field=Weight:double(23,15)&field=xcoord:double(0,0)&field=ycoord:double(0,0)&uid={4ecc1d0b-0812-4610-8019-df854c7fce13}"
"10","18",883.843994100000032,25.088251249999999,"1",,,1610.298534999999902,"2",6.447366714477539,856276.799614982,8487709.69982645,856276.799614982,8487709.69982645,,,final_resolution,"Point?crs=EPSG:5858&field=ID:long(10,0)&field=X:double(23,15)&field=Y:double(23,15)&field=Population:long(10,0)&field=Elevation:double(23,15)&field=Slope:double(23,15)&field=Landcover:long(10,0)&field=Riverflow:string(254,0)&field=NAME:string(254,0)&field=Road_dist:double(23,15)&field=Cluster:long(10,0)&field=Weight:double(23,15)&field=xcoord:double(0,0)&field=ycoord:double(0,0)&uid={4ecc1d0b-0812-4610-8019-df854c7fce13}"
"11","89",729.094970699999976,25.583263270000000,"1",,,5345.947712000000138,"2",6.259360313415527,856177.63445056,8483708.90561235,856177.63445056,8483708.90561235,,,final_resolution,"Point?crs=EPSG:5858&field=ID:long(10,0)&field=X:double(23,15)&field=Y:double(23,15)&field=Population:long(10,0)&field=Elevation:double(23,15)&field=Slope:double(23,15)&field=Landcover:long(10,0)&field=Riverflow:string(254,0)&field=NAME:string(254,0)&field=Road_dist:double(23,15)&field=Cluster:long(10,0)&field=Weight:double(23,15)&field=xcoord:double(0,0)&field=ycoord:double(0,0)&uid={4ecc1d0b-0812-4610-8019-df854c7fce13}"
"12","0",867.817993200000046,13.299986400000000,"5",,,4270.851595000000088,"2",6.175041675567627,856078.212506475,8479708.12125985,856078.212506475,8479708.12125985,,,final_resolution,"Point?crs=EPSG:5858&field=ID:long(10,0)&field=X:double(23,15)&field=Y:double(23,15)&field=Population:long(10,0)&field=Elevation:double(23,15)&field=Slope:double(23,15)&field=Landcover:long(10,0)&field=Riverflow:string(254,0)&field=NAME:string(254,0)&field=Road_dist:double(23,15)&field=Cluster:long(10,0)&field=Weight:double(23,15)&field=xcoord:double(0,0)&field=ycoord:double(0,0)&uid={4ecc1d0b-0812-4610-8019-df854c7fce13}"
"13","0",1001.729979999999955,11.961394990000001,"1",,,4015.092273000000205,"2",6.268549442291260,860573.711096672,8499613.87040126,860573.711096672,8499613.87040126,,,final_resolution,"Point?crs=EPSG:5858&field=ID:long(10,0)&field=X:double(23,15)&field=Y:double(23,15)&field=Population:long(10,0)&field=Elevation:double(23,15)&field=Slope:double(23,15)&field=Landcover:long(10,0)&field=Riverflow:string(254,0)&field=NAME:string(254,0)&field=Road_dist:double(23,15)&field=Cluster:long(10,0)&field=Weight:double(23,15)&field=xcoord:double(0,0)&field=ycoord:double(0,0)&uid={4ecc1d0b-0812-4610-8019-df854c7fce13}"
"14","0",1055.109985000000052,2.178747828000000,"5",,,519.468382700000006,"2",4.209983825683594,860475.3067203,8495612.78980714,860475.3067203,8495612.78980714,,,final_resolution,"Point?crs=EPSG:5858&field=ID:long(10,0)&field=X:double(23,15)&field=Y:double(23,15)&field=Population:long(10,0)&field=Elevation:double(23,15)&field=Slope:double(23,15)&field=Landcover:long(10,0)&field=Riverflow:string(254,0)&field=NAME:string(254,0)&field=Road_dist:double(23,15)&field=Cluster:long(10,0)&field=Weight:double(23,15)&field=xcoord:double(0,0)&field=ycoord:double(0,0)&uid={4ecc1d0b-0812-4610-8019-df854c7fce13}"
"15","34",1026.489990000000034,4.154287423000000,"1",,,966.670632599999976,"2",6.132555007934570,860376.645416249,8491611.71904527,860376.645416249,8491611.71904527,,,final_resolution,"Point?crs=EPSG:5858&field=ID:long(10,0)&field=X:double(23,15)&field=Y:double(23,15)&field=Population:long(10,0)&field=Elevation:double(23,15)&field=Slope:double(23,15)&field=Landcover:long(10,0)&field=Riverflow:string(254,0)&field=NAME:string(254,0)&field=Road_dist:double(23,15)&field=Cluster:long(10,0)&field=Weight:double(23,15)&field=xcoord:double(0,0)&field=ycoord:double(0,0)&uid={4ecc1d0b-0812-4610-8019-df854c7fce13}"
"16","11",1098.189941000000090,18.764427580000000,"1",,,2552.034317000000101,"2",6.542654991149902,860277.727225889,8487610.65813932,860277.727225889,8487610.65813932,,,final_resolution,"Point?crs=EPSG:5858&field=ID:long(10,0)&field=X:double(23,15)&field=Y:double(23,15)&field=Population:long(10,0)&field=Elevation:double(23,15)&field=Slope:double(23,15)&field=Landcover:long(10,0)&field=Riverflow:string(254,0)&field=NAME:string(254,0)&field=Road_dist:double(23,15)&field=Cluster:long(10,0)&field=Weight:double(23,15)&field=xcoord:double(0,0)&field=ycoord:double(0,0)&uid={4ecc1d0b-0812-4610-8019-df854c7fce13}"
"17","31",795.083007800000019,26.319241200000000,"5",,,4336.975013000000217,"2",7.269096851348877,860178.552190701,8483609.60711297,860178.552190701,8483609.60711297,,,final_resolution,"Point?crs=EPSG:5858&field=ID:long(10,0)&field=X:double(23,15)&field=Y:double(23,15)&field=Population:long(10,0)&field=Elevation:double(23,15)&field=Slope:double(23,15)&field=Landcover:long(10,0)&field=Riverflow:string(254,0)&field=NAME:string(254,0)&field=Road_dist:double(23,15)&field=Cluster:long(10,0)&field=Weight:double(23,15)&field=xcoord:double(0,0)&field=ycoord:double(0,0)&uid={4ecc1d0b-0812-4610-8019-df854c7fce13}"
"18","46",601.656982399999947,12.930708750000001,"1",,,818.158232900000030,"2",6.257907390594482,860079.120352269,8479608.56598985,860079.120352269,8479608.56598985,,,final_resolution,"Point?crs=EPSG:5858&field=ID:long(10,0)&field=X:double(23,15)&field=Y:double(23,15)&field=Population:long(10,0)&field=Elevation:double(23,15)&field=Slope:double(23,15)&field=Landcover:long(10,0)&field=Riverflow:string(254,0)&field=NAME:string(254,0)&field=Road_dist:double(23,15)&field=Cluster:long(10,0)&field=Weight:double(23,15)&field=xcoord:double(0,0)&field=ycoord:double(0,0)&uid={4ecc1d0b-0812-4610-8019-df854c7fce13}"
"19","0",1070.630004999999983,3.051919010000000,"1",,,2020.083842000000004,"2",6.058273315429688,864574.925147288,8499515.58959088,864574.925147288,8499515.58959088,,,final_resolution,"Point?crs=EPSG:5858&field=ID:long(10,0)&field=X:double(23,15)&field=Y:double(23,15)&field=Population:long(10,0)&field=Elevation:double(23,15)&field=Slope:double(23,15)&field=Landcover:long(10,0)&field=Riverflow:string(254,0)&field=NAME:string(254,0)&field=Road_dist:double(23,15)&field=Cluster:long(10,0)&field=Weight:double(23,15)&field=xcoord:double(0,0)&field=ycoord:double(0,0)&uid={4ecc1d0b-0812-4610-8019-df854c7fce13}"
"20","267",1044.859985000000052,3.501930059000000,"5",,,570.511183800000026,"2",1.000000000000000,864476.510929742,8495514.25203656,864476.510929742,8495514.25203656,,,final_resolution,"Point?crs=EPSG:5858&field=ID:long(10,0)&field=X:double(23,15)&field=Y:double(23,15)&field=Population:long(10,0)&field=Elevation:double(23,15)&field=Slope:double(23,15)&field=Landcover:long(10,0)&field=Riverflow:string(254,0)&field=NAME:string(254,0)&field=Road_dist:double(23,15)&field=Cluster:long(10,0)&field=Weight:double(23,15)&field=xcoord:double(0,0)&field=ycoord:double(0,0)&uid={4ecc1d0b-0812-4610-8019-df854c7fce13}"
"21","0",833.817993200000046,21.646163520000002,"5",,,1889.898883000000069,"2",6.494534492492676,864377.839760769,8491512.92435582,864377.839760769,8491512.92435582,,,final_resolution,"Point?crs=EPSG:5858&field=ID:long(10,0)&field=X:double(23,15)&field=Y:double(23,15)&field=Population:long(10,0)&field=Elevation:double(23,15)&field=Slope:double(23,15)&field=Landcover:long(10,0)&field=Riverflow:string(254,0)&field=NAME:string(254,0)&field=Road_dist:double(23,15)&field=Cluster:long(10,0)&field=Weight:double(23,15)&field=xcoord:double(0,0)&field=ycoord:double(0,0)&uid={4ecc1d0b-0812-4610-8019-df854c7fce13}"
"22","0",1019.669983000000002,12.047029269999999,"1",,,4589.460350999999719,"2",6.557876586914063,864278.911681764,8487511.60657244,864278.911681764,8487511.60657244,,,final_resolution,"Point?crs=EPSG:5858&field=ID:long(10,0)&field=X:double(23,15)&field=Y:double(23,15)&field=Population:long(10,0)&field=Elevation:double(23,15)&field=Slope:double(23,15)&field=Landcover:long(10,0)&field=Riverflow:string(254,0)&field=NAME:string(254,0)&field=Road_dist:double(23,15)&field=Cluster:long(10,0)&field=Weight:double(23,15)&field=xcoord:double(0,0)&field=ycoord:double(0,0)&uid={4ecc1d0b-0812-4610-8019-df854c7fce13}"
"23","22",569.911010700000020,6.980735411000000,"5",,,1344.356974999999920,"2",5.782924175262451,864179.726734224,8483510.2987102,864179.726734224,8483510.2987102,,,final_resolution,"Point?crs=EPSG:5858&field=ID:long(10,0)&field=X:double(23,15)&field=Y:double(23,15)&field=Population:long(10,0)&field=Elevation:double(23,15)&field=Slope:double(23,15)&field=Landcover:long(10,0)&field=Riverflow:string(254,0)&field=NAME:string(254,0)&field=Road_dist:double(23,15)&field=Cluster:long(10,0)&field=Weight:double(23,15)&field=xcoord:double(0,0)&field=ycoord:double(0,0)&uid={4ecc1d0b-0812-4610-8019-df854c7fce13}"
"24","26",535.471008299999994,1.094970305000000,"1",,,511.040711699999974,"2",1.000000000000000,864080.284959754,8479509.00079283,864080.284959754,8479509.00079283,,,final_resolution,"Point?crs=EPSG:5858&field=ID:long(10,0)&field=X:double(23,15)&field=Y:double(23,15)&field=Population:long(10,0)&field=Elevation:double(23,15)&field=Slope:double(23,15)&field=Landcover:long(10,0)&field=Riverflow:string(254,0)&field=NAME:string(254,0)&field=Road_dist:double(23,15)&field=Cluster:long(10,0)&field=Weight:double(23,15)&field=xcoord:double(0,0)&field=ycoord:double(0,0)&uid={4ecc1d0b-0812-4610-8019-df854c7fce13}"
"25","0",1115.479980000000069,2.175486618000000,"1",,,331.265601800000013,"2",2.433248043060303,868576.396190755,8499417.29893057,868576.396190755,8499417.29893057,,,final_resolution,"Point?crs=EPSG:5858&field=ID:long(10,0)&field=X:double(23,15)&field=Y:double(23,15)&field=Population:long(10,0)&field=Elevation:double(23,15)&field=Slope:double(23,15)&field=Landcover:long(10,0)&field=Riverflow:string(254,0)&field=NAME:string(254,0)&field=Road_dist:double(23,15)&field=Cluster:long(10,0)&field=Weight:double(23,15)&field=xcoord:double(0,0)&field=ycoord:double(0,0)&uid={4ecc1d0b-0812-4610-8019-df854c7fce13}"
"26","0",1124.530029000000013,8.715385918999999,"5",,,3263.190175000000181,"2",6.250186443328857,868477.972090746,8495415.70439225,868477.972090746,8495415.70439225,,,final_resolution,"Point?crs=EPSG:5858&field=ID:long(10,0)&field=X:double(23,15)&field=Y:double(23,15)&field=Population:long(10,0)&field=Elevation:double(23,15)&field=Slope:double(23,15)&field=Landcover:long(10,0)&field=Riverflow:string(254,0)&field=NAME:string(254,0)&field=Road_dist:double(23,15)&field=Cluster:long(10,0)&field=Weight:double(23,15)&field=xcoord:double(0,0)&field=ycoord:double(0,0)&uid={4ecc1d0b-0812-4610-8019-df854c7fce13}"
"27","0",1274.109985000000052,7.175971935000000,"5",,,5429.271995000000061,,6.217685699462891,868379.291015462,8491414.11976885,868379.291015462,8491414.11976885,,,final_resolution,"Point?crs=EPSG:5858&field=ID:long(10,0)&field=X:double(23,15)&field=Y:double(23,15)&field=Population:long(10,0)&field=Elevation:double(23,15)&field=Slope:double(23,15)&field=Landcover:long(10,0)&field=Riverflow:string(254,0)&field=NAME:string(254,0)&field=Road_dist:double(23,15)&field=Cluster:long(10,0)&field=Weight:double(23,15)&field=xcoord:double(0,0)&field=ycoord:double(0,0)&uid={4ecc1d0b-0812-4610-8019-df854c7fce13}"
"28","0",922.130004900000017,,,,,,,6.000000000000000,,,850066.1409,8482992.78,"1634","4",total_cluster,C:/Users/Asus/Desktop/POLIMI/Thesis/GISELE/Output/Clusters/total_cluster.shp
"29","0",927.216980000000035,,,,,,,6.000000000000000,,,850056.6949,8483979.091,"1635","4",total_cluster,C:/Users/Asus/Desktop/POLIMI/Thesis/GISELE/Output/Clusters/total_cluster.shp
"30","0",1068.150024000000030,,,,,,,6.000000000000000,,,850047.2402,8484965.399,"1636","4",total_cluster,C:/Users/Asus/Desktop/POLIMI/Thesis/GISELE/Output/Clusters/total_cluster.shp
"31","0",757.711975100000018,,,,,,,6.000000000000000,,,851101.0596,8481028.505,"1683","4",total_cluster,C:/Users/Asus/Desktop/POLIMI/Thesis/GISELE/Output/Clusters/total_cluster.shp
"32","0",1036.609985000000052,,,,,,,6.000000000000000,,,851091.635,8482014.833,"1684","4",total_cluster,C:/Users/Asus/Desktop/POLIMI/Thesis/GISELE/Output/Clusters/total_cluster.shp
"33","0",1005.390014999999948,,,,,,,6.000000000000000,,,851082.2017,8483001.157,"1685","4",total_cluster,C:/Users/Asus/Desktop/POLIMI/Thesis/GISELE/Output/Clusters/total_cluster.shp
"34","0",947.289001500000040,,,,,,,6.000000000000000,,,851072.7597,8483987.477,"1686","4",total_cluster,C:/Users/Asus/Desktop/POLIMI/Thesis/GISELE/Output/Clusters/total_cluster.shp
"35","0",1037.709961000000021,,,,,,,6.000000000000000,,,851063.309,8484973.793,"1687","4",total_cluster,C:/Users/Asus/Desktop/POLIMI/Thesis/GISELE/Output/Clusters/total_cluster.shp
"36","0",966.252990700000055,,,,,,,6.000000000000000,,,851053.8497,8485960.104,"1688","4",total_cluster,C:/Users/Asus/Desktop/POLIMI/Thesis/GISELE/Output/Clusters/total_cluster.shp
"37","0",940.697021500000005,,,,,,,6.000000000000000,,,851044.3816,8486946.412,"1689","4",total_cluster,C:/Users/Asus/Desktop/POLIMI/Thesis/GISELE/Output/Clusters/total_cluster.shp
"38","0",941.851013200000011,,,,,,,6.000000000000000,,,850968.3252,8494836.725,"1697","4",total_cluster,C:/Users/Asus/Desktop/POLIMI/Thesis/GISELE/Output/Clusters/total_cluster.shp
"39","6",916.414001500000040,,,,,,,6.000000000000000,,,850949.2245,8496809.263,"1699","4",total_cluster,C:/Users/Asus/Desktop/POLIMI/Thesis/GISELE/Output/Clusters/total_cluster.shp
"40","0",984.888000499999976,,,,,,,6.000000000000000,,,852117.1214,8481036.858,"1734","4",total_cluster,C:/Users/Asus/Desktop/POLIMI/Thesis/GISELE/Output/Clusters/total_cluster.shp
"41","0",1028.000000000000000,,,,,,,6.000000000000000,,,852107.7008,8482023.195,"1735","4",total_cluster,C:/Users/Asus/Desktop/POLIMI/Thesis/GISELE/Output/Clusters/total_cluster.shp
"42","0",908.291015600000037,,,,,,,6.000000000000000,,,852098.2716,8483009.528,"1736","4",total_cluster,C:/Users/Asus/Desktop/POLIMI/Thesis/GISELE/Output/Clusters/total_cluster.shp
"43","0",980.281005899999968,,,,,,,6.000000000000000,,,852088.8336,8483995.857,"1737","4",total_cluster,C:/Users/Asus/Desktop/POLIMI/Thesis/GISELE/Output/Clusters/total_cluster.shp
"44","0",966.018005399999993,,,,,,,6.000000000000000,,,852079.3869,8484982.181,"1738","4",total_cluster,C:/Users/Asus/Desktop/POLIMI/Thesis/GISELE/Output/Clusters/total_cluster.shp
"45","0",979.202026400000022,,,,,,,6.000000000000000,,,852069.9315,8485968.501,"1739","4",total_cluster,C:/Users/Asus/Desktop/POLIMI/Thesis/GISELE/Output/Clusters/total_cluster.shp
"46","0",959.856994600000007,,,,,,,6.000000000000000,,,852060.4674,8486954.817,"1740","4",total_cluster,C:/Users/Asus/Desktop/POLIMI/Thesis/GISELE/Output/Clusters/total_cluster.shp
"47","0",929.926025399999958,,,,,,,6.000000000000000,,,852050.9946,8487941.129,"1741","4",total_cluster,C:/Users/Asus/Desktop/POLIMI/Thesis/GISELE/Output/Clusters/total_cluster.shp
"48","0",946.408019999999965,,,,,,,6.000000000000000,,,852003.5002,8492872.628,"1746","4",total_cluster,C:/Users/Asus/Desktop/POLIMI/Thesis/GISELE/Output/Clusters/total_cluster.shp
"49","0",1095.229980000000069,,,,,,,6.000000000000000,,,851993.9752,8493858.916,"1747","4",total_cluster,C:/Users/Asus/Desktop/POLIMI/Thesis/GISELE/Output/Clusters/total_cluster.shp
"50","0",923.703002900000001,,,,,,,6.000000000000000,,,851984.4416,8494845.2,"1748","4",total_cluster,C:/Users/Asus/Desktop/POLIMI/Thesis/GISELE/Output/Clusters/total_cluster.shp
"51","0",915.171997099999999,,,,,,,6.000000000000000,,,851974.8992,8495831.48,"1749","4",total_cluster,C:/Users/Asus/Desktop/POLIMI/Thesis/GISELE/Output/Clusters/total_cluster.shp
"52","13",855.034973100000116,,,,,,,6.000000000000000,,,851965.3482,8496817.756,"1750","4",total_cluster,C:/Users/Asus/Desktop/POLIMI/Thesis/GISELE/Output/Clusters/total_cluster.shp
"53","0",798.335998500000187,,,,,,,6.000000000000000,,,851955.7885,8497804.028,"1751","4",total_cluster,C:/Users/Asus/Desktop/POLIMI/Thesis/GISELE/Output/Clusters/total_cluster.shp
"54","0",811.836975100000018,,,,,,,6.000000000000000,,,851946.2201,8498790.296,"1752","4",total_cluster,C:/Users/Asus/Desktop/POLIMI/Thesis/GISELE/Output/Clusters/total_cluster.shp
"55","0",836.192993200000046,,,,,,,6.000000000000000,,,853142.6001,8480058.855,"1785","4",total_cluster,C:/Users/Asus/Desktop/POLIMI/Thesis/GISELE/Output/Clusters/total_cluster.shp
"56","0",894.106018100000028,,,,,,,6.000000000000000,,,853133.1923,8481045.205,"1786","4",total_cluster,C:/Users/Asus/Desktop/POLIMI/Thesis/GISELE/Output/Clusters/total_cluster.shp
"57","0",870.723022499999956,,,,,,,6.000000000000000,,,853123.7758,8482031.551,"1787","4",total_cluster,C:/Users/Asus/Desktop/POLIMI/Thesis/GISELE/Output/Clusters/total_cluster.shp
"58","1",829.090026899999884,,,,,,,6.000000000000000,,,853114.3505,8483017.893,"1788","4",total_cluster,C:/Users/Asus/Desktop/POLIMI/Thesis/GISELE/Output/Clusters/total_cluster.shp
"59","2",711.731994600000007,,,,,,,6.000000000000000,,,853104.9165,8484004.23,"1789","4",total_cluster,C:/Users/Asus/Desktop/POLIMI/Thesis/GISELE/Output/Clusters/total_cluster.shp
"60","14",831.153015100000175,,,,,,,6.000000000000000,,,853095.4738,8484990.563,"1790","4",total_cluster,C:/Users/Asus/Desktop/POLIMI/Thesis/GISELE/Output/Clusters/total_cluster.shp
"61","0",858.211975100000018,,,,,,,6.000000000000000,,,853086.0224,8485976.892,"1791","4",total_cluster,C:/Users/Asus/Desktop/POLIMI/Thesis/GISELE/Output/Clusters/total_cluster.shp
"62","3",886.028015100000175,,,,,,,6.000000000000000,,,853076.5623,8486963.217,"1792","4",total_cluster,C:/Users/Asus/Desktop/POLIMI/Thesis/GISELE/Output/Clusters/total_cluster.shp
"63","0",966.155029300000024,,,,,,,6.000000000000000,,,853067.0934,8487949.538,"1793","4",total_cluster,C:/Users/Asus/Desktop/POLIMI/Thesis/GISELE/Output/Clusters/total_cluster.shp
"64","0",927.359008799999970,,,,,,,4.697977299500000,,,853057.6158,8488935.854,"1794","4",total_cluster,C:/Users/Asus/Desktop/POLIMI/Thesis/GISELE/Output/Clusters/total_cluster.shp
"65","0",906.432006799999954,,,,,,,5.160657833000000,,,853038.6343,8490908.475,"1796","4",total_cluster,C:/Users/Asus/Desktop/POLIMI/Thesis/GISELE/Output/Clusters/total_cluster.shp
"66","0",934.468017600000053,,,,,,,6.000000000000000,,,853029.1306,8491894.78,"1797","4",total_cluster,C:/Users/Asus/Desktop/POLIMI/Thesis/GISELE/Output/Clusters/total_cluster.shp
"67","0",917.304016100000013,,,,,,,6.000000000000000,,,853019.6181,8492881.08,"1798","4",total_cluster,C:/Users/Asus/Desktop/POLIMI/Thesis/GISELE/Output/Clusters/total_cluster.shp
"68","0",1045.800048999999944,,,,,,,6.000000000000000,,,853010.0969,8493867.377,"1799","4",total_cluster,C:/Users/Asus/Desktop/POLIMI/Thesis/GISELE/Output/Clusters/total_cluster.shp
"69","0",960.374023400000056,,,,,,,6.000000000000000,,,853000.567,8494853.669,"1800","4",total_cluster,C:/Users/Asus/Desktop/POLIMI/Thesis/GISELE/Output/Clusters/total_cluster.shp
"70","0",913.401000999999951,,,,,,,6.000000000000000,,,852991.0283,8495839.958,"1801","4",total_cluster,C:/Users/Asus/Desktop/POLIMI/Thesis/GISELE/Output/Clusters/total_cluster.shp
"71","0",892.971008299999880,,,,,,,6.000000000000000,,,852981.481,8496826.242,"1802","4",total_cluster,C:/Users/Asus/Desktop/POLIMI/Thesis/GISELE/Output/Clusters/total_cluster.shp
"72","0",941.705993700000022,,,,,,,6.000000000000000,,,852971.9249,8497812.523,"1803","4",total_cluster,C:/Users/Asus/Desktop/POLIMI/Thesis/GISELE/Output/Clusters/total_cluster.shp
"73","0",879.533019999999965,,,,,,,6.000000000000000,,,852962.3602,8498798.8,"1804","4",total_cluster,C:/Users/Asus/Desktop/POLIMI/Thesis/GISELE/Output/Clusters/total_cluster.shp
"74","0",844.697021500000005,,,,,,,6.000000000000000,,,854158.676,8480067.187,"1837","4",total_cluster,C:/Users/Asus/Desktop/POLIMI/Thesis/GISELE/Output/Clusters/total_cluster.shp
"75","0",825.033996600000023,,,,,,,6.000000000000000,,,854149.2723,8481053.546,"1838","4",total_cluster,C:/Users/Asus/Desktop/POLIMI/Thesis/GISELE/Output/Clusters/total_cluster.shp
"76","0",794.328002900000001,,,,,,,6.000000000000000,,,854139.8598,8482039.901,"1839","4",total_cluster,C:/Users/Asus/Desktop/POLIMI/Thesis/GISELE/Output/Clusters/total_cluster.shp
"77","4",730.682983400000012,,,,,,,6.000000000000000,,,854130.4386,8483026.251,"1840","4",total_cluster,C:/Users/Asus/Desktop/POLIMI/Thesis/GISELE/Output/Clusters/total_cluster.shp
"78","0",857.353027300000008,,,,,,,6.000000000000000,,,854121.0087,8484012.597,"1841","4",total_cluster,C:/Users/Asus/Desktop/POLIMI/Thesis/GISELE/Output/Clusters/total_cluster.shp
"79","3",778.911010700000134,,,,,,,6.000000000000000,,,854111.5699,8484998.939,"1842","4",total_cluster,C:/Users/Asus/Desktop/POLIMI/Thesis/GISELE/Output/Clusters/total_cluster.shp
"80","0",805.961975100000018,,,,,,,6.000000000000000,,,854102.1225,8485985.277,"1843","4",total_cluster,C:/Users/Asus/Desktop/POLIMI/Thesis/GISELE/Output/Clusters/total_cluster.shp
"81","2",928.736999500000024,,,,,,,6.000000000000000,,,854092.6662,8486971.61,"1844","4",total_cluster,C:/Users/Asus/Desktop/POLIMI/Thesis/GISELE/Output/Clusters/total_cluster.shp
"82","3",936.268981899999972,,,,,,,5.809093231000000,,,854083.2012,8487957.94,"1845","4",total_cluster,C:/Users/Asus/Desktop/POLIMI/Thesis/GISELE/Output/Clusters/total_cluster.shp
"83","0",933.963012700000036,,,,,,,1.000000000000000,,,854073.7275,8488944.265,"1846","4",total_cluster,C:/Users/Asus/Desktop/POLIMI/Thesis/GISELE/Output/Clusters/total_cluster.shp
"84","0",932.062988300000029,,,,,,,6.000000000000000,,,854054.7538,8490916.904,"1848","4",total_cluster,C:/Users/Asus/Desktop/POLIMI/Thesis/GISELE/Output/Clusters/total_cluster.shp
"85","0",956.169982900000036,,,,,,,6.000000000000000,,,854045.2538,8491903.217,"1849","4",total_cluster,C:/Users/Asus/Desktop/POLIMI/Thesis/GISELE/Output/Clusters/total_cluster.shp
"86","1",942.708984399999963,,,,,,,6.000000000000000,,,854035.7451,8492889.526,"1850","4",total_cluster,C:/Users/Asus/Desktop/POLIMI/Thesis/GISELE/Output/Clusters/total_cluster.shp
"87","0",961.578002900000001,,,,,,,6.000000000000000,,,854026.2277,8493875.831,"1851","4",total_cluster,C:/Users/Asus/Desktop/POLIMI/Thesis/GISELE/Output/Clusters/total_cluster.shp
"88","0",927.398010300000010,,,,,,,6.000000000000000,,,854016.7015,8494862.133,"1852","4",total_cluster,C:/Users/Asus/Desktop/POLIMI/Thesis/GISELE/Output/Clusters/total_cluster.shp
"89","0",860.057983399999898,,,,,,,6.000000000000000,,,854007.1666,8495848.43,"1853","4",total_cluster,C:/Users/Asus/Desktop/POLIMI/Thesis/GISELE/Output/Clusters/total_cluster.shp
"90","0",918.286010700000020,,,,,,,6.000000000000000,,,853997.6229,8496834.723,"1854","4",total_cluster,C:/Users/Asus/Desktop/POLIMI/Thesis/GISELE/Output/Clusters/total_cluster.shp
"91","0",969.708007800000019,,,,,,,6.000000000000000,,,853988.0705,8497821.013,"1855","4",total_cluster,C:/Users/Asus/Desktop/POLIMI/Thesis/GISELE/Output/Clusters/total_cluster.shp
"92","0",859.046020500000054,,,,,,,6.000000000000000,,,853978.5094,8498807.299,"1856","4",total_cluster,C:/Users/Asus/Desktop/POLIMI/Thesis/GISELE/Output/Clusters/total_cluster.shp
"93","0",840.228027300000008,,,,,,,6.000000000000000,,,853968.9395,8499793.581,"1857","4",total_cluster,C:/Users/Asus/Desktop/POLIMI/Thesis/GISELE/Output/Clusters/total_cluster.shp
"94","0",957.413024899999982,,,,,,,6.000000000000000,,,855174.761,8480075.513,"1889","4",total_cluster,C:/Users/Asus/Desktop/POLIMI/Thesis/GISELE/Output/Clusters/total_cluster.shp
"95","0",785.697021500000005,,,,,,,6.000000000000000,,,855165.3614,8481061.881,"1890","4",total_cluster,C:/Users/Asus/Desktop/POLIMI/Thesis/GISELE/Output/Clusters/total_cluster.shp
"96","0",875.062011700000198,,,,,,,6.000000000000000,,,855155.953,8482048.244,"1891","4",total_cluster,C:/Users/Asus/Desktop/POLIMI/Thesis/GISELE/Output/Clusters/total_cluster.shp
"97","9",738.502014200000190,,,,,,,6.000000000000000,,,855146.5358,8483034.603,"1892","4",total_cluster,C:/Users/Asus/Desktop/POLIMI/Thesis/GISELE/Output/Clusters/total_cluster.shp
"98","3",790.869018600000118,,,,,,,6.000000000000000,,,855137.1099,8484020.958,"1893","4",total_cluster,C:/Users/Asus/Desktop/POLIMI/Thesis/GISELE/Output/Clusters/total_cluster.shp
"99","6",691.812011700000198,,,,,,,6.000000000000000,,,855127.6752,8485007.309,"1894","4",total_cluster,C:/Users/Asus/Desktop/POLIMI/Thesis/GISELE/Output/Clusters/total_cluster.shp
"100","6",685.294006299999864,,,,,,,6.000000000000000,,,855118.2316,8485993.655,"1895","4",total_cluster,C:/Users/Asus/Desktop/POLIMI/Thesis/GISELE/Output/Clusters/total_cluster.shp
"101","0",785.960998500000187,,,,,,,6.000000000000000,,,855108.7793,8486979.998,"1896","4",total_cluster,C:/Users/Asus/Desktop/POLIMI/Thesis/GISELE/Output/Clusters/total_cluster.shp
"102","0",909.700988800000005,,,,,,,5.859726295000000,,,855099.3182,8487966.336,"1897","4",total_cluster,C:/Users/Asus/Desktop/POLIMI/Thesis/GISELE/Output/Clusters/total_cluster.shp
"103","0",982.885009800000034,,,,,,,1.658603333500000,,,855089.8484,8488952.67,"1898","4",total_cluster,C:/Users/Asus/Desktop/POLIMI/Thesis/GISELE/Output/Clusters/total_cluster.shp
"104","0",942.216980000000035,,,,,,,4.201566833999999,,,855080.3698,8489939,"1899","4",total_cluster,C:/Users/Asus/Desktop/POLIMI/Thesis/GISELE/Output/Clusters/total_cluster.shp
"105","0",936.560974099999953,,,,,,,6.000000000000000,,,855070.8824,8490925.326,"1900","4",total_cluster,C:/Users/Asus/Desktop/POLIMI/Thesis/GISELE/Output/Clusters/total_cluster.shp
"106","0",988.155029300000024,,,,,,,6.000000000000000,,,855061.3862,8491911.648,"1901","4",total_cluster,C:/Users/Asus/Desktop/POLIMI/Thesis/GISELE/Output/Clusters/total_cluster.shp
"107","0",982.638977100000034,,,,,,,6.000000000000000,,,855051.8813,8492897.966,"1902","4",total_cluster,C:/Users/Asus/Desktop/POLIMI/Thesis/GISELE/Output/Clusters/total_cluster.shp
"108","0",1010.119995000000017,,,,,,,6.000000000000000,,,855042.3676,8493884.28,"1903","4",total_cluster,C:/Users/Asus/Desktop/POLIMI/Thesis/GISELE/Output/Clusters/total_cluster.shp
"109","0",955.598999000000049,,,,,,,6.000000000000000,,,855032.8451,8494870.59,"1904","4",total_cluster,C:/Users/Asus/Desktop/POLIMI/Thesis/GISELE/Output/Clusters/total_cluster.shp
"110","6",947.713989299999980,,,,,,,6.000000000000000,,,855023.3139,8495856.896,"1905","4",total_cluster,C:/Users/Asus/Desktop/POLIMI/Thesis/GISELE/Output/Clusters/total_cluster.shp
"111","0",891.254028299999959,,,,,,,6.000000000000000,,,855013.7739,8496843.199,"1906","4",total_cluster,C:/Users/Asus/Desktop/POLIMI/Thesis/GISELE/Output/Clusters/total_cluster.shp
"112","0",851.109008799999970,,,,,,,6.000000000000000,,,855004.2252,8497829.497,"1907","4",total_cluster,C:/Users/Asus/Desktop/POLIMI/Thesis/GISELE/Output/Clusters/total_cluster.shp
"113","0",847.741027799999870,,,,,,,6.000000000000000,,,854994.6677,8498815.791,"1908","4",total_cluster,C:/Users/Asus/Desktop/POLIMI/Thesis/GISELE/Output/Clusters/total_cluster.shp
"114","0",832.942993200000046,,,,,,,6.000000000000000,,,854985.1015,8499802.082,"1909","4",total_cluster,C:/Users/Asus/Desktop/POLIMI/Thesis/GISELE/Output/Clusters/total_cluster.shp
"115","0",884.075988800000005,,,,,,,6.000000000000000,,,856190.8553,8480083.833,"1941","4",total_cluster,C:/Users/Asus/Desktop/POLIMI/Thesis/GISELE/Output/Clusters/total_cluster.shp
"116","0",784.939025899999820,,,,,,,6.000000000000000,,,856181.4597,8481070.209,"1942","4",total_cluster,C:/Users/Asus/Desktop/POLIMI/Thesis/GISELE/Output/Clusters/total_cluster.shp
"117","0",722.760009799999807,,,,,,,6.000000000000000,,,856172.0554,8482056.581,"1943","4",total_cluster,C:/Users/Asus/Desktop/POLIMI/Thesis/GISELE/Output/Clusters/total_cluster.shp
"118","18",656.630981399999882,,,,,,,6.000000000000000,,,856162.6422,8483042.949,"1944","4",total_cluster,C:/Users/Asus/Desktop/POLIMI/Thesis/GISELE/Output/Clusters/total_cluster.shp
"119","7",667.960998500000187,,,,,,,6.000000000000000,,,856153.2203,8484029.313,"1945","4",total_cluster,C:/Users/Asus/Desktop/POLIMI/Thesis/GISELE/Output/Clusters/total_cluster.shp
"120","0",676.575012200000174,,,,,,,6.000000000000000,,,856143.7895,8485015.672,"1946","4",total_cluster,C:/Users/Asus/Desktop/POLIMI/Thesis/GISELE/Output/Clusters/total_cluster.shp
"121","0",698.632995600000186,,,,,,,6.000000000000000,,,856134.35,8486002.028,"1947","4",total_cluster,C:/Users/Asus/Desktop/POLIMI/Thesis/GISELE/Output/Clusters/total_cluster.shp
"122","0",780.674987799999826,,,,,,,6.000000000000000,,,856124.9016,8486988.379,"1948","4",total_cluster,C:/Users/Asus/Desktop/POLIMI/Thesis/GISELE/Output/Clusters/total_cluster.shp
"123","0",901.375976599999944,,,,,,,6.000000000000000,,,856115.4444,8487974.726,"1949","4",total_cluster,C:/Users/Asus/Desktop/POLIMI/Thesis/GISELE/Output/Clusters/total_cluster.shp
"124","0",1033.109985000000052,,,,,,,3.076311772000000,,,856105.9784,8488961.069,"1950","4",total_cluster,C:/Users/Asus/Desktop/POLIMI/Thesis/GISELE/Output/Clusters/total_cluster.shp
"125","0",974.210998499999960,,,,,,,3.013871580000000,,,856096.5037,8489947.408,"1951","4",total_cluster,C:/Users/Asus/Desktop/POLIMI/Thesis/GISELE/Output/Clusters/total_cluster.shp
"126","0",974.289001500000040,,,,,,,5.202654772000000,,,856087.0201,8490933.743,"1952","4",total_cluster,C:/Users/Asus/Desktop/POLIMI/Thesis/GISELE/Output/Clusters/total_cluster.shp
"127","0",1022.140014999999948,,,,,,,6.000000000000000,,,856077.5277,8491920.073,"1953","4",total_cluster,C:/Users/Asus/Desktop/POLIMI/Thesis/GISELE/Output/Clusters/total_cluster.shp
"128","0",1032.189941000000090,,,,,,,6.000000000000000,,,856068.0266,8492906.4,"1954","4",total_cluster,C:/Users/Asus/Desktop/POLIMI/Thesis/GISELE/Output/Clusters/total_cluster.shp
"129","0",1025.900024000000030,,,,,,,6.000000000000000,,,856058.5167,8493892.723,"1955","4",total_cluster,C:/Users/Asus/Desktop/POLIMI/Thesis/GISELE/Output/Clusters/total_cluster.shp
"130","9",934.921997099999999,,,,,,,6.000000000000000,,,856048.9979,8494879.042,"1956","4",total_cluster,C:/Users/Asus/Desktop/POLIMI/Thesis/GISELE/Output/Clusters/total_cluster.shp
"131","2",887.612976099999969,,,,,,,6.000000000000000,,,856039.4704,8495865.357,"1957","4",total_cluster,C:/Users/Asus/Desktop/POLIMI/Thesis/GISELE/Output/Clusters/total_cluster.shp
"132","10",916.015991200000030,,,,,,,3.028734760000000,,,856029.9341,8496851.668,"1958","4",total_cluster,C:/Users/Asus/Desktop/POLIMI/Thesis/GISELE/Output/Clusters/total_cluster.shp
"133","0",901.997985800000038,,,,,,,4.421550638000001,,,856020.389,8497837.975,"1959","4",total_cluster,C:/Users/Asus/Desktop/POLIMI/Thesis/GISELE/Output/Clusters/total_cluster.shp
"134","0",917.148986799999989,,,,,,,6.000000000000000,,,856010.8352,8498824.278,"1960","4",total_cluster,C:/Users/Asus/Desktop/POLIMI/Thesis/GISELE/Output/Clusters/total_cluster.shp
"135","0",876.651977500000044,,,,,,,6.000000000000000,,,856001.2725,8499810.578,"1961","4",total_cluster,C:/Users/Asus/Desktop/POLIMI/Thesis/GISELE/Output/Clusters/total_cluster.shp
"136","0",749.840026899999884,,,,,,,6.000000000000000,,,857206.9587,8480092.146,"1993","4",total_cluster,C:/Users/Asus/Desktop/POLIMI/Thesis/GISELE/Output/Clusters/total_cluster.shp
"137","0",866.820983899999987,,,,,,,6.000000000000000,,,857197.5672,8481078.531,"1994","4",total_cluster,C:/Users/Asus/Desktop/POLIMI/Thesis/GISELE/Output/Clusters/total_cluster.shp
"138","18",620.796997099999999,,,,,,,6.000000000000000,,,857188.1669,8482064.912,"1995","4",total_cluster,C:/Users/Asus/Desktop/POLIMI/Thesis/GISELE/Output/Clusters/total_cluster.shp
"139","6",716.922973600000205,,,,,,,6.000000000000000,,,857178.7578,8483051.289,"1996","4",total_cluster,C:/Users/Asus/Desktop/POLIMI/Thesis/GISELE/Output/Clusters/total_cluster.shp
"140","14",634.877990700000055,,,,,,,6.000000000000000,,,857169.3399,8484037.662,"1997","4",total_cluster,C:/Users/Asus/Desktop/POLIMI/Thesis/GISELE/Output/Clusters/total_cluster.shp
"141","8",719.111999500000024,,,,,,,6.000000000000000,,,857159.9131,8485024.03,"1998","4",total_cluster,C:/Users/Asus/Desktop/POLIMI/Thesis/GISELE/Output/Clusters/total_cluster.shp
"142","0",796.768005399999993,,,,,,,6.000000000000000,,,857150.4775,8486010.394,"1999","4",total_cluster,C:/Users/Asus/Desktop/POLIMI/Thesis/GISELE/Output/Clusters/total_cluster.shp
"143","0",748.609985399999800,,,,,,,6.000000000000000,,,857141.033,8486996.754,"2000","4",total_cluster,C:/Users/Asus/Desktop/POLIMI/Thesis/GISELE/Output/Clusters/total_cluster.shp
"144","0",885.648010300000010,,,,,,,6.000000000000000,,,857131.5798,8487983.11,"2001","4",total_cluster,C:/Users/Asus/Desktop/POLIMI/Thesis/GISELE/Output/Clusters/total_cluster.shp
"145","0",922.379028299999959,,,,,,,4.683723796499999,,,857122.1177,8488969.462,"2002","4",total_cluster,C:/Users/Asus/Desktop/POLIMI/Thesis/GISELE/Output/Clusters/total_cluster.shp
"146","0",971.677002000000016,,,,,,,3.179211454500000,,,857112.6467,8489955.809,"2003","4",total_cluster,C:/Users/Asus/Desktop/POLIMI/Thesis/GISELE/Output/Clusters/total_cluster.shp
"147","2",1007.190002000000050,,,,,,,1.000000000000000,,,857103.167,8490942.153,"2004","4",total_cluster,C:/Users/Asus/Desktop/POLIMI/Thesis/GISELE/Output/Clusters/total_cluster.shp
"148","0",1031.349975999999970,,,,,,,2.743629867000000,,,857093.6785,8491928.493,"2005","4",total_cluster,C:/Users/Asus/Desktop/POLIMI/Thesis/GISELE/Output/Clusters/total_cluster.shp
"149","0",1035.219970999999987,,,,,,,4.669518213500000,,,857084.1811,8492914.828,"2006","4",total_cluster,C:/Users/Asus/Desktop/POLIMI/Thesis/GISELE/Output/Clusters/total_cluster.shp
"150","0",1017.789978000000019,,,,,,,5.360012168500000,,,857074.6749,8493901.16,"2007","4",total_cluster,C:/Users/Asus/Desktop/POLIMI/Thesis/GISELE/Output/Clusters/total_cluster.shp
"151","19",916.202026400000022,,,,,,,6.000000000000000,,,857065.1599,8494887.488,"2008","4",total_cluster,C:/Users/Asus/Desktop/POLIMI/Thesis/GISELE/Output/Clusters/total_cluster.shp
"152","0",1001.520020000000045,,,,,,,4.121532049500000,,,857055.6361,8495873.812,"2009","4",total_cluster,C:/Users/Asus/Desktop/POLIMI/Thesis/GISELE/Output/Clusters/total_cluster.shp
"153","0",952.862976099999969,,,,,,,1.648754682000000,,,857046.1035,8496860.131,"2010","4",total_cluster,C:/Users/Asus/Desktop/POLIMI/Thesis/GISELE/Output/Clusters/total_cluster.shp
"154","0",1044.550048999999944,,,,,,,3.375556762500000,,,857036.562,8497846.447,"2011","4",total_cluster,C:/Users/Asus/Desktop/POLIMI/Thesis/GISELE/Output/Clusters/total_cluster.shp
"155","0",900.288024899999982,,,,,,,6.000000000000000,,,857027.0118,8498832.76,"2012","4",total_cluster,C:/Users/Asus/Desktop/POLIMI/Thesis/GISELE/Output/Clusters/total_cluster.shp
"156","0",949.010009800000034,,,,,,,6.000000000000000,,,857017.4528,8499819.068,"2013","4",total_cluster,C:/Users/Asus/Desktop/POLIMI/Thesis/GISELE/Output/Clusters/total_cluster.shp
"157","4",624.869995099999983,,,,,,,6.000000000000000,,,858223.0713,8480100.453,"2045","4",total_cluster,C:/Users/Asus/Desktop/POLIMI/Thesis/GISELE/Output/Clusters/total_cluster.shp
"158","15",621.812011700000198,,,,,,,6.000000000000000,,,858213.684,8481086.847,"2046","4",total_cluster,C:/Users/Asus/Desktop/POLIMI/Thesis/GISELE/Output/Clusters/total_cluster.shp
"159","9",711.005004900000017,,,,,,,6.000000000000000,,,858204.2877,8482073.237,"2047","4",total_cluster,C:/Users/Asus/Desktop/POLIMI/Thesis/GISELE/Output/Clusters/total_cluster.shp
"160","5",695.028015100000175,,,,,,,6.000000000000000,,,858194.8826,8483059.623,"2048","4",total_cluster,C:/Users/Asus/Desktop/POLIMI/Thesis/GISELE/Output/Clusters/total_cluster.shp
"161","0",770.560974100000180,,,,,,,6.000000000000000,,,858185.4687,8484046.004,"2049","4",total_cluster,C:/Users/Asus/Desktop/POLIMI/Thesis/GISELE/Output/Clusters/total_cluster.shp
"162","0",796.484985399999800,,,,,,,6.000000000000000,,,858176.0459,8485032.381,"2050","4",total_cluster,C:/Users/Asus/Desktop/POLIMI/Thesis/GISELE/Output/Clusters/total_cluster.shp
"163","9",784.624023400000056,,,,,,,6.000000000000000,,,858166.6142,8486018.754,"2051","4",total_cluster,C:/Users/Asus/Desktop/POLIMI/Thesis/GISELE/Output/Clusters/total_cluster.shp
"164","0",869.132995600000186,,,,,,,6.000000000000000,,,858157.1737,8487005.123,"2052","4",total_cluster,C:/Users/Asus/Desktop/POLIMI/Thesis/GISELE/Output/Clusters/total_cluster.shp
"165","0",942.676025399999958,,,,,,,6.000000000000000,,,858147.7243,8487991.488,"2053","4",total_cluster,C:/Users/Asus/Desktop/POLIMI/Thesis/GISELE/Output/Clusters/total_cluster.shp
"166","3",885.809997599999974,,,,,,,6.000000000000000,,,858138.2661,8488977.849,"2054","4",total_cluster,C:/Users/Asus/Desktop/POLIMI/Thesis/GISELE/Output/Clusters/total_cluster.shp
"167","0",956.619995099999983,,,,,,,4.559534655500000,,,858128.7991,8489964.205,"2055","4",total_cluster,C:/Users/Asus/Desktop/POLIMI/Thesis/GISELE/Output/Clusters/total_cluster.shp
"168","0",961.257995599999958,,,,,,,1.679144054000000,,,858119.3231,8490950.558,"2056","4",total_cluster,C:/Users/Asus/Desktop/POLIMI/Thesis/GISELE/Output/Clusters/total_cluster.shp
"169","0",1046.890014999999948,,,,,,,3.585365012500001,,,858109.8384,8491936.906,"2057","4",total_cluster,C:/Users/Asus/Desktop/POLIMI/Thesis/GISELE/Output/Clusters/total_cluster.shp
"170","12",968.783996600000023,,,,,,,2.395610553000000,,,858100.3448,8492923.251,"2058","4",total_cluster,C:/Users/Asus/Desktop/POLIMI/Thesis/GISELE/Output/Clusters/total_cluster.shp
"171","16",934.742004400000042,,,,,,,1.000000000000000,,,858090.8423,8493909.591,"2059","4",total_cluster,C:/Users/Asus/Desktop/POLIMI/Thesis/GISELE/Output/Clusters/total_cluster.shp
"172","5",942.718994100000032,,,,,,,5.496922842500000,,,858081.3311,8494895.928,"2060","4",total_cluster,C:/Users/Asus/Desktop/POLIMI/Thesis/GISELE/Output/Clusters/total_cluster.shp
"173","0",960.549987799999712,,,,,,,1.588489130500000,,,858071.811,8495882.26,"2061","4",total_cluster,C:/Users/Asus/Desktop/POLIMI/Thesis/GISELE/Output/Clusters/total_cluster.shp
"174","0",940.320007300000043,,,,,,,2.587731178500000,,,858062.282,8496868.589,"2062","4",total_cluster,C:/Users/Asus/Desktop/POLIMI/Thesis/GISELE/Output/Clusters/total_cluster.shp
"175","0",1027.209961000000021,,,,,,,6.000000000000000,,,858052.7442,8497854.914,"2063","4",total_cluster,C:/Users/Asus/Desktop/POLIMI/Thesis/GISELE/Output/Clusters/total_cluster.shp
"176","0",926.232971199999952,,,,,,,6.000000000000000,,,858043.1977,8498841.235,"2064","4",total_cluster,C:/Users/Asus/Desktop/POLIMI/Thesis/GISELE/Output/Clusters/total_cluster.shp
"177","0",929.547973599999978,,,,,,,6.000000000000000,,,858033.6422,8499827.552,"2065","4",total_cluster,C:/Users/Asus/Desktop/POLIMI/Thesis/GISELE/Output/Clusters/total_cluster.shp
"178","1",594.664001499999813,,,,,,,6.000000000000000,,,859239.1932,8480108.754,"2097","4",total_cluster,C:/Users/Asus/Desktop/POLIMI/Thesis/GISELE/Output/Clusters/total_cluster.shp
"179","3",627.487976099999969,,,,,,,6.000000000000000,,,859229.8099,8481095.157,"2098","4",total_cluster,C:/Users/Asus/Desktop/POLIMI/Thesis/GISELE/Output/Clusters/total_cluster.shp
"180","6",616.963989299999866,,,,,,,6.000000000000000,,,859220.4177,8482081.556,"2099","4",total_cluster,C:/Users/Asus/Desktop/POLIMI/Thesis/GISELE/Output/Clusters/total_cluster.shp
"181","0",752.245971700000041,,,,,,,6.000000000000000,,,859211.0167,8483067.95,"2100","4",total_cluster,C:/Users/Asus/Desktop/POLIMI/Thesis/GISELE/Output/Clusters/total_cluster.shp
"182","0",944.148986799999989,,,,,,,6.000000000000000,,,859201.6067,8484054.341,"2101","4",total_cluster,C:/Users/Asus/Desktop/POLIMI/Thesis/GISELE/Output/Clusters/total_cluster.shp
"183","0",1001.460021999999981,,,,,,,6.000000000000000,,,859192.1879,8485040.727,"2102","4",total_cluster,C:/Users/Asus/Desktop/POLIMI/Thesis/GISELE/Output/Clusters/total_cluster.shp
"184","0",896.026977500000044,,,,,,,6.000000000000000,,,859182.7602,8486027.108,"2103","4",total_cluster,C:/Users/Asus/Desktop/POLIMI/Thesis/GISELE/Output/Clusters/total_cluster.shp
"185","0",908.572997999999984,,,,,,,6.000000000000000,,,859173.3236,8487013.486,"2104","4",total_cluster,C:/Users/Asus/Desktop/POLIMI/Thesis/GISELE/Output/Clusters/total_cluster.shp
"186","0",916.060974099999953,,,,,,,6.000000000000000,,,859163.8781,8487999.86,"2105","4",total_cluster,C:/Users/Asus/Desktop/POLIMI/Thesis/GISELE/Output/Clusters/total_cluster.shp
"187","0",1021.539978000000019,,,,,,,6.000000000000000,,,859154.4238,8488986.229,"2106","4",total_cluster,C:/Users/Asus/Desktop/POLIMI/Thesis/GISELE/Output/Clusters/total_cluster.shp
"188","0",965.880981399999996,,,,,,,2.156204056000000,,,859144.9606,8489972.595,"2107","4",total_cluster,C:/Users/Asus/Desktop/POLIMI/Thesis/GISELE/Output/Clusters/total_cluster.shp
"189","26",991.150024400000007,,,,,,,4.306583991000000,,,859135.4885,8490958.956,"2108","4",total_cluster,C:/Users/Asus/Desktop/POLIMI/Thesis/GISELE/Output/Clusters/total_cluster.shp
"190","0",974.609985400000028,,,,,,,6.000000000000000,,,859126.0075,8491945.314,"2109","4",total_cluster,C:/Users/Asus/Desktop/POLIMI/Thesis/GISELE/Output/Clusters/total_cluster.shp
"191","0",1078.319946000000073,,,,,,,4.583039662000000,,,859116.5177,8492931.667,"2110","4",total_cluster,C:/Users/Asus/Desktop/POLIMI/Thesis/GISELE/Output/Clusters/total_cluster.shp
"192","0",989.065002400000026,,,,,,,1.654324563000000,,,859107.0191,8493918.016,"2111","4",total_cluster,C:/Users/Asus/Desktop/POLIMI/Thesis/GISELE/Output/Clusters/total_cluster.shp
"193","0",943.890014599999972,,,,,,,1.787375640500000,,,859097.5115,8494904.362,"2112","4",total_cluster,C:/Users/Asus/Desktop/POLIMI/Thesis/GISELE/Output/Clusters/total_cluster.shp
"194","0",997.797973599999978,,,,,,,1.983747238500000,,,859087.9951,8495890.703,"2113","4",total_cluster,C:/Users/Asus/Desktop/POLIMI/Thesis/GISELE/Output/Clusters/total_cluster.shp
"195","0",1000.700012000000015,,,,,,,6.000000000000000,,,859078.4698,8496877.041,"2114","4",total_cluster,C:/Users/Asus/Desktop/POLIMI/Thesis/GISELE/Output/Clusters/total_cluster.shp
"196","0",1059.359985000000052,,,,,,,6.000000000000000,,,859068.9357,8497863.375,"2115","4",total_cluster,C:/Users/Asus/Desktop/POLIMI/Thesis/GISELE/Output/Clusters/total_cluster.shp
"197","0",921.940002400000026,,,,,,,6.000000000000000,,,859059.3927,8498849.705,"2116","4",total_cluster,C:/Users/Asus/Desktop/POLIMI/Thesis/GISELE/Output/Clusters/total_cluster.shp
"198","0",612.950988799999891,,,,,,,6.000000000000000,,,860255.3244,8480117.049,"2149","4",total_cluster,C:/Users/Asus/Desktop/POLIMI/Thesis/GISELE/Output/Clusters/total_cluster.shp
"199","1",685.260986300000013,,,,,,,6.000000000000000,,,860245.9452,8481103.461,"2150","4",total_cluster,C:/Users/Asus/Desktop/POLIMI/Thesis/GISELE/Output/Clusters/total_cluster.shp
"200","0",718.783996600000023,,,,,,,6.000000000000000,,,860236.557,8482089.868,"2151","4",total_cluster,C:/Users/Asus/Desktop/POLIMI/Thesis/GISELE/Output/Clusters/total_cluster.shp
"201","0",747.687011700000198,,,,,,,6.000000000000000,,,860227.16,8483076.272,"2152","4",total_cluster,C:/Users/Asus/Desktop/POLIMI/Thesis/GISELE/Output/Clusters/total_cluster.shp
"202","0",808.328979499999946,,,,,,,6.000000000000000,,,860217.7541,8484062.671,"2153","4",total_cluster,C:/Users/Asus/Desktop/POLIMI/Thesis/GISELE/Output/Clusters/total_cluster.shp
"203","3",943.385986300000013,,,,,,,6.000000000000000,,,860208.3392,8485049.066,"2154","4",total_cluster,C:/Users/Asus/Desktop/POLIMI/Thesis/GISELE/Output/Clusters/total_cluster.shp
"204","0",859.853027300000008,,,,,,,6.000000000000000,,,860198.9154,8486035.456,"2155","4",total_cluster,C:/Users/Asus/Desktop/POLIMI/Thesis/GISELE/Output/Clusters/total_cluster.shp
"205","0",1041.420043999999962,,,,,,,6.000000000000000,,,860189.4828,8487021.843,"2156","4",total_cluster,C:/Users/Asus/Desktop/POLIMI/Thesis/GISELE/Output/Clusters/total_cluster.shp
"206","0",954.307006799999954,,,,,,,6.000000000000000,,,860180.0412,8488008.226,"2157","4",total_cluster,C:/Users/Asus/Desktop/POLIMI/Thesis/GISELE/Output/Clusters/total_cluster.shp
"207","0",869.435974100000180,,,,,,,6.000000000000000,,,860170.5907,8488994.604,"2158","4",total_cluster,C:/Users/Asus/Desktop/POLIMI/Thesis/GISELE/Output/Clusters/total_cluster.shp
"208","0",1000.869995000000017,,,,,,,2.667388952500000,,,860161.1314,8489980.978,"2159","4",total_cluster,C:/Users/Asus/Desktop/POLIMI/Thesis/GISELE/Output/Clusters/total_cluster.shp
"209","8",1046.920043999999962,,,,,,,4.042780143500000,,,860151.6631,8490967.349,"2160","4",total_cluster,C:/Users/Asus/Desktop/POLIMI/Thesis/GISELE/Output/Clusters/total_cluster.shp
"210","0",986.588012700000036,,,,,,,6.000000000000000,,,860142.186,8491953.715,"2161","4",total_cluster,C:/Users/Asus/Desktop/POLIMI/Thesis/GISELE/Output/Clusters/total_cluster.shp
"211","0",1057.060058999999910,,,,,,,6.000000000000000,,,860132.7,8492940.077,"2162","4",total_cluster,C:/Users/Asus/Desktop/POLIMI/Thesis/GISELE/Output/Clusters/total_cluster.shp
"212","0",971.815978999999970,,,,,,,4.988009643000000,,,860123.2051,8493926.436,"2163","4",total_cluster,C:/Users/Asus/Desktop/POLIMI/Thesis/GISELE/Output/Clusters/total_cluster.shp
"213","0",1060.790038999999979,,,,,,,2.274715067000000,,,860113.7012,8494912.79,"2164","4",total_cluster,C:/Users/Asus/Desktop/POLIMI/Thesis/GISELE/Output/Clusters/total_cluster.shp
"214","0",1005.789978000000019,,,,,,,4.049791784500000,,,860104.1885,8495899.14,"2165","4",total_cluster,C:/Users/Asus/Desktop/POLIMI/Thesis/GISELE/Output/Clusters/total_cluster.shp
"215","0",1033.619995000000017,,,,,,,6.000000000000000,,,860094.6669,8496885.487,"2166","4",total_cluster,C:/Users/Asus/Desktop/POLIMI/Thesis/GISELE/Output/Clusters/total_cluster.shp
"216","0",1012.229979999999955,,,,,,,6.000000000000000,,,860085.1364,8497871.83,"2167","4",total_cluster,C:/Users/Asus/Desktop/POLIMI/Thesis/GISELE/Output/Clusters/total_cluster.shp
"217","0",934.202026400000022,,,,,,,6.000000000000000,,,860075.5971,8498858.168,"2168","4",total_cluster,C:/Users/Asus/Desktop/POLIMI/Thesis/GISELE/Output/Clusters/total_cluster.shp
"218","0",577.072998000000098,,,,,,,4.866477281500000,,,861271.4649,8480125.337,"2201","4",total_cluster,C:/Users/Asus/Desktop/POLIMI/Thesis/GISELE/Output/Clusters/total_cluster.shp
"219","0",580.192016599999988,,,,,,,6.000000000000000,,,861262.0897,8481111.758,"2202","4",total_cluster,C:/Users/Asus/Desktop/POLIMI/Thesis/GISELE/Output/Clusters/total_cluster.shp
"220","0",597.757019000000014,,,,,,,6.000000000000000,,,861252.7056,8482098.174,"2203","4",total_cluster,C:/Users/Asus/Desktop/POLIMI/Thesis/GISELE/Output/Clusters/total_cluster.shp
"221","0",653.427978499999995,,,,,,,6.000000000000000,,,861243.3126,8483084.587,"2204","4",total_cluster,C:/Users/Asus/Desktop/POLIMI/Thesis/GISELE/Output/Clusters/total_cluster.shp
"222","8",831.026000999999951,,,,,,,6.000000000000000,,,861233.9107,8484070.995,"2205","4",total_cluster,C:/Users/Asus/Desktop/POLIMI/Thesis/GISELE/Output/Clusters/total_cluster.shp
"223","0",779.567993200000046,,,,,,,6.000000000000000,,,861224.4998,8485057.399,"2206","4",total_cluster,C:/Users/Asus/Desktop/POLIMI/Thesis/GISELE/Output/Clusters/total_cluster.shp
"224","3",775.411010700000134,,,,,,,6.000000000000000,,,861215.08,8486043.798,"2207","4",total_cluster,C:/Users/Asus/Desktop/POLIMI/Thesis/GISELE/Output/Clusters/total_cluster.shp
"225","0",870.564025899999820,,,,,,,6.000000000000000,,,861205.6512,8487030.194,"2208","4",total_cluster,C:/Users/Asus/Desktop/POLIMI/Thesis/GISELE/Output/Clusters/total_cluster.shp
"226","5",897.044006299999864,,,,,,,6.000000000000000,,,861196.2136,8488016.585,"2209","4",total_cluster,C:/Users/Asus/Desktop/POLIMI/Thesis/GISELE/Output/Clusters/total_cluster.shp
"227","0",812.862976099999969,,,,,,,6.000000000000000,,,861186.767,8489002.973,"2210","4",total_cluster,C:/Users/Asus/Desktop/POLIMI/Thesis/GISELE/Output/Clusters/total_cluster.shp
"228","0",964.156005899999968,,,,,,,4.393480674999998,,,861177.3115,8489989.356,"2211","4",total_cluster,C:/Users/Asus/Desktop/POLIMI/Thesis/GISELE/Output/Clusters/total_cluster.shp
"229","0",1068.569946000000073,,,,,,,1.000000000000000,,,861167.847,8490975.735,"2212","4",total_cluster,C:/Users/Asus/Desktop/POLIMI/Thesis/GISELE/Output/Clusters/total_cluster.shp
"230","0",1052.180053999999927,,,,,,,4.156423982500000,,,861158.3737,8491962.111,"2213","4",total_cluster,C:/Users/Asus/Desktop/POLIMI/Thesis/GISELE/Output/Clusters/total_cluster.shp
"231","0",1010.520020000000045,,,,,,,6.000000000000000,,,861148.8914,8492948.482,"2214","4",total_cluster,C:/Users/Asus/Desktop/POLIMI/Thesis/GISELE/Output/Clusters/total_cluster.shp
"232","0",1039.800048999999944,,,,,,,6.000000000000000,,,861139.4003,8493934.849,"2215","4",total_cluster,C:/Users/Asus/Desktop/POLIMI/Thesis/GISELE/Output/Clusters/total_cluster.shp
"233","0",1083.150024000000030,,,,,,,1.643556782500000,,,861129.9002,8494921.212,"2216","4",total_cluster,C:/Users/Asus/Desktop/POLIMI/Thesis/GISELE/Output/Clusters/total_cluster.shp
"234","0",1041.229980000000069,,,,,,,5.161876667500000,,,861120.3912,8495907.572,"2217","4",total_cluster,C:/Users/Asus/Desktop/POLIMI/Thesis/GISELE/Output/Clusters/total_cluster.shp
"235","0",1026.510009999999966,,,,,,,6.000000000000000,,,861110.8733,8496893.927,"2218","4",total_cluster,C:/Users/Asus/Desktop/POLIMI/Thesis/GISELE/Output/Clusters/total_cluster.shp
"236","0",1094.689941000000090,,,,,,,6.000000000000000,,,861101.3464,8497880.279,"2219","4",total_cluster,C:/Users/Asus/Desktop/POLIMI/Thesis/GISELE/Output/Clusters/total_cluster.shp
"237","0",1003.099975999999970,,,,,,,6.000000000000000,,,861091.8107,8498866.626,"2220","4",total_cluster,C:/Users/Asus/Desktop/POLIMI/Thesis/GISELE/Output/Clusters/total_cluster.shp
"238","0",1046.359985000000052,,,,,,,6.000000000000000,,,861082.2661,8499852.97,"2221","4",total_cluster,C:/Users/Asus/Desktop/POLIMI/Thesis/GISELE/Output/Clusters/total_cluster.shp
"239","0",1119.500000000000000,,,,,,,6.000000000000000,,,861072.7125,8500839.31,"2222","4",total_cluster,C:/Users/Asus/Desktop/POLIMI/Thesis/GISELE/Output/Clusters/total_cluster.shp
"240","0",588.728027299999894,,,,,,,5.207105070000000,,,862287.6146,8480133.619,"2253","4",total_cluster,C:/Users/Asus/Desktop/POLIMI/Thesis/GISELE/Output/Clusters/total_cluster.shp
"241","0",560.291992199999981,,,,,,,6.000000000000000,,,862278.2436,8481120.049,"2254","4",total_cluster,C:/Users/Asus/Desktop/POLIMI/Thesis/GISELE/Output/Clusters/total_cluster.shp
"242","6",564.161987299999964,,,,,,,6.000000000000000,,,862268.8635,8482106.474,"2255","4",total_cluster,C:/Users/Asus/Desktop/POLIMI/Thesis/GISELE/Output/Clusters/total_cluster.shp
"243","0",762.635986300000013,,,,,,,6.000000000000000,,,862259.4745,8483092.896,"2256","4",total_cluster,C:/Users/Asus/Desktop/POLIMI/Thesis/GISELE/Output/Clusters/total_cluster.shp
"244","0",733.872009299999945,,,,,,,6.000000000000000,,,862250.0766,8484079.313,"2257","4",total_cluster,C:/Users/Asus/Desktop/POLIMI/Thesis/GISELE/Output/Clusters/total_cluster.shp
"245","0",610.755981399999882,,,,,,,6.000000000000000,,,862240.6697,8485065.726,"2258","4",total_cluster,C:/Users/Asus/Desktop/POLIMI/Thesis/GISELE/Output/Clusters/total_cluster.shp
"246","0",716.265991200000030,,,,,,,6.000000000000000,,,862231.2538,8486052.134,"2259","4",total_cluster,C:/Users/Asus/Desktop/POLIMI/Thesis/GISELE/Output/Clusters/total_cluster.shp
"247","3",671.161010700000134,,,,,,,6.000000000000000,,,862221.829,8487038.539,"2260","4",total_cluster,C:/Users/Asus/Desktop/POLIMI/Thesis/GISELE/Output/Clusters/total_cluster.shp
"248","0",750.460998500000187,,,,,,,6.000000000000000,,,862212.3952,8488024.939,"2261","4",total_cluster,C:/Users/Asus/Desktop/POLIMI/Thesis/GISELE/Output/Clusters/total_cluster.shp
"249","0",907.111999500000024,,,,,,,6.000000000000000,,,862202.9525,8489011.336,"2262","4",total_cluster,C:/Users/Asus/Desktop/POLIMI/Thesis/GISELE/Output/Clusters/total_cluster.shp
"250","0",1002.260009999999966,,,,,,,6.000000000000000,,,862193.5009,8489997.728,"2263","4",total_cluster,C:/Users/Asus/Desktop/POLIMI/Thesis/GISELE/Output/Clusters/total_cluster.shp
"251","0",986.215026899999998,,,,,,,4.838573411500000,,,862184.0403,8490984.116,"2264","4",total_cluster,C:/Users/Asus/Desktop/POLIMI/Thesis/GISELE/Output/Clusters/total_cluster.shp
"252","0",1045.239990000000034,,,,,,,1.000000000000000,,,862174.5707,8491970.5,"2265","4",total_cluster,C:/Users/Asus/Desktop/POLIMI/Thesis/GISELE/Output/Clusters/total_cluster.shp
"253","0",1050.319946000000073,,,,,,,4.420742782500001,,,862165.0922,8492956.88,"2266","4",total_cluster,C:/Users/Asus/Desktop/POLIMI/Thesis/GISELE/Output/Clusters/total_cluster.shp
"254","0",1022.429992999999968,,,,,,,3.233547026500000,,,862155.6048,8493943.256,"2267","4",total_cluster,C:/Users/Asus/Desktop/POLIMI/Thesis/GISELE/Output/Clusters/total_cluster.shp
"255","0",1020.320007000000032,,,,,,,2.320290772000000,,,862146.1084,8494929.629,"2268","4",total_cluster,C:/Users/Asus/Desktop/POLIMI/Thesis/GISELE/Output/Clusters/total_cluster.shp
"256","0",1055.949951000000056,,,,,,,1.000000000000000,,,862136.6031,8495915.997,"2269","4",total_cluster,C:/Users/Asus/Desktop/POLIMI/Thesis/GISELE/Output/Clusters/total_cluster.shp
"257","0",1034.949951000000056,,,,,,,5.542533202000000,,,862127.0889,8496902.361,"2270","4",total_cluster,C:/Users/Asus/Desktop/POLIMI/Thesis/GISELE/Output/Clusters/total_cluster.shp
"258","0",1125.449951000000056,,,,,,,6.000000000000000,,,862117.5657,8497888.722,"2271","4",total_cluster,C:/Users/Asus/Desktop/POLIMI/Thesis/GISELE/Output/Clusters/total_cluster.shp
"259","0",1071.930053999999927,,,,,,,6.000000000000000,,,862108.0337,8498875.079,"2272","4",total_cluster,C:/Users/Asus/Desktop/POLIMI/Thesis/GISELE/Output/Clusters/total_cluster.shp
"260","0",1092.390014999999948,,,,,,,6.000000000000000,,,862098.4926,8499861.432,"2273","4",total_cluster,C:/Users/Asus/Desktop/POLIMI/Thesis/GISELE/Output/Clusters/total_cluster.shp
"261","0",1135.810058999999910,,,,,,,6.000000000000000,,,862088.9426,8500847.781,"2274","4",total_cluster,C:/Users/Asus/Desktop/POLIMI/Thesis/GISELE/Output/Clusters/total_cluster.shp
"262","0",557.843017600000053,,,,,,,5.389191332499998,,,863303.7738,8480141.895,"2305","4",total_cluster,C:/Users/Asus/Desktop/POLIMI/Thesis/GISELE/Output/Clusters/total_cluster.shp
"263","9",542.585998500000187,,,,,,,6.000000000000000,,,863294.4068,8481128.334,"2306","4",total_cluster,C:/Users/Asus/Desktop/POLIMI/Thesis/GISELE/Output/Clusters/total_cluster.shp
"264","3",548.536987299999964,,,,,,,6.000000000000000,,,863285.0308,8482114.768,"2307","4",total_cluster,C:/Users/Asus/Desktop/POLIMI/Thesis/GISELE/Output/Clusters/total_cluster.shp
"265","0",588.830017099999964,,,,,,,6.000000000000000,,,863275.6458,8483101.199,"2308","4",total_cluster,C:/Users/Asus/Desktop/POLIMI/Thesis/GISELE/Output/Clusters/total_cluster.shp
"266","4",660.122985799999810,,,,,,,6.000000000000000,,,863266.2519,8484087.624,"2309","4",total_cluster,C:/Users/Asus/Desktop/POLIMI/Thesis/GISELE/Output/Clusters/total_cluster.shp
"267","0",605.632995600000186,,,,,,,6.000000000000000,,,863256.8489,8485074.046,"2310","4",total_cluster,C:/Users/Asus/Desktop/POLIMI/Thesis/GISELE/Output/Clusters/total_cluster.shp
"268","0",755.226013200000011,,,,,,,6.000000000000000,,,863238.0161,8487046.878,"2312","4",total_cluster,C:/Users/Asus/Desktop/POLIMI/Thesis/GISELE/Output/Clusters/total_cluster.shp
"269","0",748.151000999999951,,,,,,,6.000000000000000,,,863228.5863,8488033.287,"2313","4",total_cluster,C:/Users/Asus/Desktop/POLIMI/Thesis/GISELE/Output/Clusters/total_cluster.shp
"270","0",895.468994099999804,,,,,,,6.000000000000000,,,863219.1474,8489019.692,"2314","4",total_cluster,C:/Users/Asus/Desktop/POLIMI/Thesis/GISELE/Output/Clusters/total_cluster.shp
"271","0",1026.489990000000034,,,,,,,6.000000000000000,,,863209.6996,8490006.093,"2315","4",total_cluster,C:/Users/Asus/Desktop/POLIMI/Thesis/GISELE/Output/Clusters/total_cluster.shp
"272","0",1008.049987999999985,,,,,,,6.000000000000000,,,863200.2429,8490992.491,"2316","4",total_cluster,C:/Users/Asus/Desktop/POLIMI/Thesis/GISELE/Output/Clusters/total_cluster.shp
"273","0",1076.400024000000030,,,,,,,4.256512709500000,,,863190.7771,8491978.884,"2317","4",total_cluster,C:/Users/Asus/Desktop/POLIMI/Thesis/GISELE/Output/Clusters/total_cluster.shp
"274","0",1042.140014999999948,,,,,,,2.399719945500000,,,863181.3024,8492965.273,"2318","4",total_cluster,C:/Users/Asus/Desktop/POLIMI/Thesis/GISELE/Output/Clusters/total_cluster.shp
"275","0",1068.000000000000000,,,,,,,1.638209110000000,,,863171.8187,8493951.658,"2319","4",total_cluster,C:/Users/Asus/Desktop/POLIMI/Thesis/GISELE/Output/Clusters/total_cluster.shp
"276","0",912.872009299999945,,,,,,,4.846483050500000,,,863162.326,8494938.039,"2320","4",total_cluster,C:/Users/Asus/Desktop/POLIMI/Thesis/GISELE/Output/Clusters/total_cluster.shp
"277","0",1015.299987999999985,,,,,,,3.163018817500000,,,863152.8244,8495924.417,"2321","4",total_cluster,C:/Users/Asus/Desktop/POLIMI/Thesis/GISELE/Output/Clusters/total_cluster.shp
"278","0",1039.400024000000030,,,,,,,3.546436174500000,,,863143.3139,8496910.79,"2322","4",total_cluster,C:/Users/Asus/Desktop/POLIMI/Thesis/GISELE/Output/Clusters/total_cluster.shp
"279","0",1127.459961000000021,,,,,,,6.000000000000000,,,863133.7944,8497897.16,"2323","4",total_cluster,C:/Users/Asus/Desktop/POLIMI/Thesis/GISELE/Output/Clusters/total_cluster.shp
"280","0",1121.239990000000034,,,,,,,6.000000000000000,,,863124.2659,8498883.525,"2324","4",total_cluster,C:/Users/Asus/Desktop/POLIMI/Thesis/GISELE/Output/Clusters/total_cluster.shp
"281","0",1098.119995000000017,,,,,,,6.000000000000000,,,863114.7285,8499869.887,"2325","4",total_cluster,C:/Users/Asus/Desktop/POLIMI/Thesis/GISELE/Output/Clusters/total_cluster.shp
"282","0",1168.180053999999927,,,,,,,6.000000000000000,,,863105.1821,8500856.245,"2326","4",total_cluster,C:/Users/Asus/Desktop/POLIMI/Thesis/GISELE/Output/Clusters/total_cluster.shp
"283","0",1179.579956000000038,,,,,,,6.000000000000000,,,863095.6268,8501842.599,"2327","4",total_cluster,C:/Users/Asus/Desktop/POLIMI/Thesis/GISELE/Output/Clusters/total_cluster.shp
"284","4",566.758972200000017,,,,,,,3.471687321500000,,,864319.9423,8480150.165,"2357","4",total_cluster,C:/Users/Asus/Desktop/POLIMI/Thesis/GISELE/Output/Clusters/total_cluster.shp
"285","0",567.315978999999970,,,,,,,2.676034115500000,,,864310.5794,8481136.612,"2358","4",total_cluster,C:/Users/Asus/Desktop/POLIMI/Thesis/GISELE/Output/Clusters/total_cluster.shp
"286","9",585.245971700000041,,,,,,,2.499593245000000,,,864301.2074,8482123.056,"2359","4",total_cluster,C:/Users/Asus/Desktop/POLIMI/Thesis/GISELE/Output/Clusters/total_cluster.shp
"287","0",602.778991700000006,,,,,,,5.644922691500000,,,864291.8265,8483109.495,"2360","4",total_cluster,C:/Users/Asus/Desktop/POLIMI/Thesis/GISELE/Output/Clusters/total_cluster.shp
"288","0",586.682006799999954,,,,,,,6.000000000000000,,,864282.4365,8484095.93,"2361","4",total_cluster,C:/Users/Asus/Desktop/POLIMI/Thesis/GISELE/Output/Clusters/total_cluster.shp
"289","0",737.828979499999946,,,,,,,6.000000000000000,,,864235.3517,8489028.043,"2366","4",total_cluster,C:/Users/Asus/Desktop/POLIMI/Thesis/GISELE/Output/Clusters/total_cluster.shp
"290","0",966.822997999999984,,,,,,,6.000000000000000,,,864216.4548,8491000.859,"2368","4",total_cluster,C:/Users/Asus/Desktop/POLIMI/Thesis/GISELE/Output/Clusters/total_cluster.shp
"291","0",864.320983899999987,,,,,,,6.000000000000000,,,864206.9928,8491987.261,"2369","4",total_cluster,C:/Users/Asus/Desktop/POLIMI/Thesis/GISELE/Output/Clusters/total_cluster.shp
"292","0",891.575012200000288,,,,,,,6.000000000000000,,,864197.5219,8492973.66,"2370","4",total_cluster,C:/Users/Asus/Desktop/POLIMI/Thesis/GISELE/Output/Clusters/total_cluster.shp
"293","0",1031.709961000000021,,,,,,,6.000000000000000,,,864188.042,8493960.054,"2371","4",total_cluster,C:/Users/Asus/Desktop/POLIMI/Thesis/GISELE/Output/Clusters/total_cluster.shp
"294","0",954.588989299999980,,,,,,,6.000000000000000,,,864178.553,8494946.444,"2372","4",total_cluster,C:/Users/Asus/Desktop/POLIMI/Thesis/GISELE/Output/Clusters/total_cluster.shp
"295","38",1031.050048999999944,,,,,,,1.000000000000000,,,864169.0551,8495932.83,"2373","4",total_cluster,C:/Users/Asus/Desktop/POLIMI/Thesis/GISELE/Output/Clusters/total_cluster.shp
"296","0",1035.510009999999966,,,,,,,4.143583525500000,,,864159.5482,8496919.213,"2374","4",total_cluster,C:/Users/Asus/Desktop/POLIMI/Thesis/GISELE/Output/Clusters/total_cluster.shp
"297","0",1119.760009999999966,,,,,,,6.000000000000000,,,864150.0324,8497905.591,"2375","4",total_cluster,C:/Users/Asus/Desktop/POLIMI/Thesis/GISELE/Output/Clusters/total_cluster.shp
"298","0",1086.729980000000069,,,,,,,6.000000000000000,,,864140.5075,8498891.966,"2376","4",total_cluster,C:/Users/Asus/Desktop/POLIMI/Thesis/GISELE/Output/Clusters/total_cluster.shp
"299","0",1049.020019999999931,,,,,,,6.000000000000000,,,864130.9737,8499878.337,"2377","4",total_cluster,C:/Users/Asus/Desktop/POLIMI/Thesis/GISELE/Output/Clusters/total_cluster.shp
"300","0",1079.339966000000004,,,,,,,6.000000000000000,,,864121.4309,8500864.704,"2378","4",total_cluster,C:/Users/Asus/Desktop/POLIMI/Thesis/GISELE/Output/Clusters/total_cluster.shp
"301","0",1119.750000000000000,,,,,,,6.000000000000000,,,864111.8791,8501851.067,"2379","4",total_cluster,C:/Users/Asus/Desktop/POLIMI/Thesis/GISELE/Output/Clusters/total_cluster.shp
"302","0",632.445007299999816,,,,,,,3.686048834500000,,,865317.3935,8482131.337,"2411","4",total_cluster,C:/Users/Asus/Desktop/POLIMI/Thesis/GISELE/Output/Clusters/total_cluster.shp
"303","0",747.919982900000036,,,,,,,6.000000000000000,,,865242.1253,8490022.807,"2419","4",total_cluster,C:/Users/Asus/Desktop/POLIMI/Thesis/GISELE/Output/Clusters/total_cluster.shp
"304","0",752.908996600000023,,,,,,,6.000000000000000,,,865232.6761,8491009.222,"2420","4",total_cluster,C:/Users/Asus/Desktop/POLIMI/Thesis/GISELE/Output/Clusters/total_cluster.shp
"305","0",1034.329956000000038,,,,,,,6.000000000000000,,,865223.218,8491995.633,"2421","4",total_cluster,C:/Users/Asus/Desktop/POLIMI/Thesis/GISELE/Output/Clusters/total_cluster.shp
"306","0",970.913024899999982,,,,,,,6.000000000000000,,,865213.7508,8492982.04,"2422","4",total_cluster,C:/Users/Asus/Desktop/POLIMI/Thesis/GISELE/Output/Clusters/total_cluster.shp
"307","0",957.273010300000010,,,,,,,6.000000000000000,,,865204.2746,8493968.444,"2423","4",total_cluster,C:/Users/Asus/Desktop/POLIMI/Thesis/GISELE/Output/Clusters/total_cluster.shp
"308","0",902.684021000000030,,,,,,,4.859254607000000,,,865194.7894,8494954.843,"2424","4",total_cluster,C:/Users/Asus/Desktop/POLIMI/Thesis/GISELE/Output/Clusters/total_cluster.shp
"309","85",1026.599975999999970,,,,,,,1.000000000000000,,,865185.2952,8495941.238,"2425","4",total_cluster,C:/Users/Asus/Desktop/POLIMI/Thesis/GISELE/Output/Clusters/total_cluster.shp
"310","144",1053.239990000000034,,,,,,,1.633842422000000,,,865175.792,8496927.63,"2426","4",total_cluster,C:/Users/Asus/Desktop/POLIMI/Thesis/GISELE/Output/Clusters/total_cluster.shp
"311","0",1102.449951000000056,,,,,,,4.929135108500001,,,865166.2798,8497914.017,"2427","4",total_cluster,C:/Users/Asus/Desktop/POLIMI/Thesis/GISELE/Output/Clusters/total_cluster.shp
"312","0",1099.359985000000052,,,,,,,6.000000000000000,,,865156.7585,8498900.401,"2428","4",total_cluster,C:/Users/Asus/Desktop/POLIMI/Thesis/GISELE/Output/Clusters/total_cluster.shp
"313","0",1052.780029000000013,,,,,,,6.000000000000000,,,865147.2283,8499886.781,"2429","4",total_cluster,C:/Users/Asus/Desktop/POLIMI/Thesis/GISELE/Output/Clusters/total_cluster.shp
"314","0",1145.270019999999931,,,,,,,6.000000000000000,,,865137.6891,8500873.157,"2430","4",total_cluster,C:/Users/Asus/Desktop/POLIMI/Thesis/GISELE/Output/Clusters/total_cluster.shp
"315","0",1158.810058999999910,,,,,,,6.000000000000000,,,865128.1408,8501859.529,"2431","4",total_cluster,C:/Users/Asus/Desktop/POLIMI/Thesis/GISELE/Output/Clusters/total_cluster.shp
"316","0",1187.719970999999987,,,,,,,6.000000000000000,,,865118.5836,8502845.898,"2432","4",total_cluster,C:/Users/Asus/Desktop/POLIMI/Thesis/GISELE/Output/Clusters/total_cluster.shp
"317","0",783.729980500000011,,,,,,,6.000000000000000,,,866248.9068,8491017.579,"2472","4",total_cluster,C:/Users/Asus/Desktop/POLIMI/Thesis/GISELE/Output/Clusters/total_cluster.shp
"318","0",791.625000000000000,,,,,,,6.000000000000000,,,866239.4525,8492003.999,"2473","4",total_cluster,C:/Users/Asus/Desktop/POLIMI/Thesis/GISELE/Output/Clusters/total_cluster.shp
"319","0",913.591003399999977,,,,,,,6.000000000000000,,,866229.9891,8492990.415,"2474","4",total_cluster,C:/Users/Asus/Desktop/POLIMI/Thesis/GISELE/Output/Clusters/total_cluster.shp
"320","0",795.236999500000024,,,,,,,6.000000000000000,,,866220.5166,8493976.827,"2475","4",total_cluster,C:/Users/Asus/Desktop/POLIMI/Thesis/GISELE/Output/Clusters/total_cluster.shp
"321","0",993.088989299999980,,,,,,,6.000000000000000,,,866211.0352,8494963.236,"2476","4",total_cluster,C:/Users/Asus/Desktop/POLIMI/Thesis/GISELE/Output/Clusters/total_cluster.shp
"322","0",919.049987799999712,,,,,,,5.778260532999999,,,866201.5447,8495949.64,"2477","4",total_cluster,C:/Users/Asus/Desktop/POLIMI/Thesis/GISELE/Output/Clusters/total_cluster.shp
"323","0",1056.390014999999948,,,,,,,3.755863019500000,,,866192.0451,8496936.041,"2478","4",total_cluster,C:/Users/Asus/Desktop/POLIMI/Thesis/GISELE/Output/Clusters/total_cluster.shp
"324","0",1042.069946000000073,,,,,,,1.644273521500000,,,866182.5366,8497922.437,"2479","4",total_cluster,C:/Users/Asus/Desktop/POLIMI/Thesis/GISELE/Output/Clusters/total_cluster.shp
"325","0",1096.670043999999962,,,,,,,3.288352674500000,,,866173.0189,8498908.83,"2480","4",total_cluster,C:/Users/Asus/Desktop/POLIMI/Thesis/GISELE/Output/Clusters/total_cluster.shp
"326","0",1069.160033999999996,,,,,,,6.000000000000000,,,866163.4923,8499895.219,"2481","4",total_cluster,C:/Users/Asus/Desktop/POLIMI/Thesis/GISELE/Output/Clusters/total_cluster.shp
"327","0",1088.670043999999962,,,,,,,6.000000000000000,,,866153.9566,8500881.604,"2482","4",total_cluster,C:/Users/Asus/Desktop/POLIMI/Thesis/GISELE/Output/Clusters/total_cluster.shp
"328","0",1117.890014999999948,,,,,,,6.000000000000000,,,866144.4119,8501867.986,"2483","4",total_cluster,C:/Users/Asus/Desktop/POLIMI/Thesis/GISELE/Output/Clusters/total_cluster.shp
"329","0",963.382995599999958,,,,,,,6.000000000000000,,,867265.1471,8491025.929,"2524","4",total_cluster,C:/Users/Asus/Desktop/POLIMI/Thesis/GISELE/Output/Clusters/total_cluster.shp
"330","0",1012.840026999999964,,,,,,,6.000000000000000,,,867255.6965,8492012.359,"2525","4",total_cluster,C:/Users/Asus/Desktop/POLIMI/Thesis/GISELE/Output/Clusters/total_cluster.shp
"331","0",886.184997599999974,,,,,,,6.000000000000000,,,867246.2368,8492998.784,"2526","4",total_cluster,C:/Users/Asus/Desktop/POLIMI/Thesis/GISELE/Output/Clusters/total_cluster.shp
"332","0",842.241027799999870,,,,,,,6.000000000000000,,,867236.7681,8493985.205,"2527","4",total_cluster,C:/Users/Asus/Desktop/POLIMI/Thesis/GISELE/Output/Clusters/total_cluster.shp
"333","0",1116.770019999999931,,,,,,,6.000000000000000,,,867227.2904,8494971.623,"2528","4",total_cluster,C:/Users/Asus/Desktop/POLIMI/Thesis/GISELE/Output/Clusters/total_cluster.shp
"334","0",1039.670043999999962,,,,,,,6.000000000000000,,,867217.8036,8495958.036,"2529","4",total_cluster,C:/Users/Asus/Desktop/POLIMI/Thesis/GISELE/Output/Clusters/total_cluster.shp
"335","0",987.117004400000042,,,,,,,6.000000000000000,,,867208.3077,8496944.446,"2530","4",total_cluster,C:/Users/Asus/Desktop/POLIMI/Thesis/GISELE/Output/Clusters/total_cluster.shp
"336","0",989.614990199999966,,,,,,,5.716853055500000,,,867198.8028,8497930.852,"2531","4",total_cluster,C:/Users/Asus/Desktop/POLIMI/Thesis/GISELE/Output/Clusters/total_cluster.shp
"337","0",1082.829956000000038,,,,,,,1.541516510000000,,,867189.2888,8498917.254,"2532","4",total_cluster,C:/Users/Asus/Desktop/POLIMI/Thesis/GISELE/Output/Clusters/total_cluster.shp
"338","0",1077.839966000000004,,,,,,,4.281938828500000,,,867179.7657,8499903.652,"2533","4",total_cluster,C:/Users/Asus/Desktop/POLIMI/Thesis/GISELE/Output/Clusters/total_cluster.shp
"339","0",1077.020019999999931,,,,,,,6.000000000000000,,,867170.2336,8500890.046,"2534","4",total_cluster,C:/Users/Asus/Desktop/POLIMI/Thesis/GISELE/Output/Clusters/total_cluster.shp
"340","0",1086.619995000000017,,,,,,,6.000000000000000,,,867160.6925,8501876.436,"2535","4",total_cluster,C:/Users/Asus/Desktop/POLIMI/Thesis/GISELE/Output/Clusters/total_cluster.shp
"341","0",1185.949951000000056,,,,,,,6.000000000000000,,,868271.9499,8492020.713,"2577","4",total_cluster,C:/Users/Asus/Desktop/POLIMI/Thesis/GISELE/Output/Clusters/total_cluster.shp
"342","0",1131.949951000000056,,,,,,,6.000000000000000,,,868262.4941,8493007.147,"2578","4",total_cluster,C:/Users/Asus/Desktop/POLIMI/Thesis/GISELE/Output/Clusters/total_cluster.shp
"343","0",1030.469970999999987,,,,,,,6.000000000000000,,,868253.0291,8493993.578,"2579","4",total_cluster,C:/Users/Asus/Desktop/POLIMI/Thesis/GISELE/Output/Clusters/total_cluster.shp
"344","0",1052.750000000000000,,,,,,,6.000000000000000,,,868243.5551,8494980.004,"2580","4",total_cluster,C:/Users/Asus/Desktop/POLIMI/Thesis/GISELE/Output/Clusters/total_cluster.shp
"345","0",1130.150024000000030,,,,,,,6.000000000000000,,,868234.072,8495966.427,"2581","4",total_cluster,C:/Users/Asus/Desktop/POLIMI/Thesis/GISELE/Output/Clusters/total_cluster.shp
"346","0",1107.469970999999987,,,,,,,6.000000000000000,,,868224.5798,8496952.845,"2582","4",total_cluster,C:/Users/Asus/Desktop/POLIMI/Thesis/GISELE/Output/Clusters/total_cluster.shp
"347","0",1072.489990000000034,,,,,,,6.000000000000000,,,868215.0785,8497939.26,"2583","4",total_cluster,C:/Users/Asus/Desktop/POLIMI/Thesis/GISELE/Output/Clusters/total_cluster.shp
"348","0",1101.130004999999983,,,,,,,4.534125125000000,,,868205.5681,8498925.671,"2584","4",total_cluster,C:/Users/Asus/Desktop/POLIMI/Thesis/GISELE/Output/Clusters/total_cluster.shp
"349","0",1092.050048999999944,,,,,,,2.391898979500000,,,868196.0487,8499912.078,"2585","4",total_cluster,C:/Users/Asus/Desktop/POLIMI/Thesis/GISELE/Output/Clusters/total_cluster.shp
"350","0",1063.199951000000056,,,,,,,6.000000000000000,,,868186.5201,8500898.482,"2586","4",total_cluster,C:/Users/Asus/Desktop/POLIMI/Thesis/GISELE/Output/Clusters/total_cluster.shp
"351","0",1218.599975999999970,,,,,,,6.000000000000000,,,869288.2129,8492029.061,"2629","4",total_cluster,C:/Users/Asus/Desktop/POLIMI/Thesis/GISELE/Output/Clusters/total_cluster.shp
"352","0",1130.060058999999910,,,,,,,6.000000000000000,,,869278.7608,8493015.504,"2630","4",total_cluster,C:/Users/Asus/Desktop/POLIMI/Thesis/GISELE/Output/Clusters/total_cluster.shp
"353","0",1061.050048999999944,,,,,,,6.000000000000000,,,869269.2996,8494001.944,"2631","4",total_cluster,C:/Users/Asus/Desktop/POLIMI/Thesis/GISELE/Output/Clusters/total_cluster.shp
"354","0",839.935974100000180,,,,,,,6.000000000000000,,,869259.8293,8494988.379,"2632","4",total_cluster,C:/Users/Asus/Desktop/POLIMI/Thesis/GISELE/Output/Clusters/total_cluster.shp
"355","0",1129.949951000000056,,,,,,,6.000000000000000,,,869250.3498,8495974.811,"2633","4",total_cluster,C:/Users/Asus/Desktop/POLIMI/Thesis/GISELE/Output/Clusters/total_cluster.shp
"356","0",1190.939941000000090,,,,,,,6.000000000000000,,,869240.8613,8496961.239,"2634","4",total_cluster,C:/Users/Asus/Desktop/POLIMI/Thesis/GISELE/Output/Clusters/total_cluster.shp
"357","0",1107.709961000000021,,,,,,,6.000000000000000,,,869231.3637,8497947.663,"2635","4",total_cluster,C:/Users/Asus/Desktop/POLIMI/Thesis/GISELE/Output/Clusters/total_cluster.shp
"358","0",1104.939941000000090,,,,,,,5.258256145500001,,,869221.8569,8498934.083,"2636","4",total_cluster,C:/Users/Asus/Desktop/POLIMI/Thesis/GISELE/Output/Clusters/total_cluster.shp
"359","0",1107.359985000000052,,,,,,,1.548681083000000,,,869212.3411,8499920.499,"2637","4",total_cluster,C:/Users/Asus/Desktop/POLIMI/Thesis/GISELE/Output/Clusters/total_cluster.shp
"360","0",1104.599975999999970,,,,,,,6.000000000000000,,,869202.8161,8500906.912,"2638","4",total_cluster,C:/Users/Asus/Desktop/POLIMI/Thesis/GISELE/Output/Clusters/total_cluster.shp
"361","0",1082.949951000000056,,,,,,,6.000000000000000,,,870285.5796,8494010.304,"2683","4",total_cluster,C:/Users/Asus/Desktop/POLIMI/Thesis/GISELE/Output/Clusters/total_cluster.shp
"362","0",1073.400024000000030,,,,,,,6.000000000000000,,,870276.1129,8494996.749,"2684","4",total_cluster,C:/Users/Asus/Desktop/POLIMI/Thesis/GISELE/Output/Clusters/total_cluster.shp
"363","0",1020.250000000000000,,,,,,,6.000000000000000,,,870266.6372,8495983.19,"2685","4",total_cluster,C:/Users/Asus/Desktop/POLIMI/Thesis/GISELE/Output/Clusters/total_cluster.shp
"364","0",1069.859985000000052,,,,,,,6.000000000000000,,,870257.1524,8496969.627,"2686","4",total_cluster,C:/Users/Asus/Desktop/POLIMI/Thesis/GISELE/Output/Clusters/total_cluster.shp
"365","0",1123.410033999999996,,,,,,,6.000000000000000,,,870247.6584,8497956.06,"2687","4",total_cluster,C:/Users/Asus/Desktop/POLIMI/Thesis/GISELE/Output/Clusters/total_cluster.shp
"366","0",1205.640014999999948,,,,,,,4.491082230000000,,,870238.1552,8498942.489,"2688","4",total_cluster,C:/Users/Asus/Desktop/POLIMI/Thesis/GISELE/Output/Clusters/total_cluster.shp
"367","0",1105.920043999999962,,,,,,,6.000000000000000,,,871282.9342,8495991.563,"2737","4",total_cluster,C:/Users/Asus/Desktop/POLIMI/Thesis/GISELE/Output/Clusters/total_cluster.shp
"368","0",1060.930053999999927,,,,,,,6.000000000000000,,,871273.453,8496978.009,"2738","4",total_cluster,C:/Users/Asus/Desktop/POLIMI/Thesis/GISELE/Output/Clusters/total_cluster.shp
